駅名,利用者数
JA広島病院前,1474
JR三山木,2138
JR五位堂,1514
JR俊徳道,10402
JR小倉,3700
JR河内永和,17258
JR淡路,12974
JR総持寺,15086
JR藤森,6332
JR野江,8434
JR長瀬,6564
JR難波,47888
Jヴィレッジ,0
YRP野比,18536
あいの里公園,0
あいの里教育大,7606
あおば通,45302
あかおか,199
あかぢ,49
あきた白神,76
あき亀山,1284
あき総合病院前,0
あさぎり,762
あざみ野,136108
あしかがフラワーパーク,0
あすなろう四日市,6198
あつみ温泉,202
あぶくま,5
あまや,12
あやめ公園,90
あわくら温泉,7
あわら湯のまち,451
いこいの広場,141
いこいの村,0
いずえ,56
いずみ中央,16257
いずみ野,13752
いづろ通,3324
いのつき,19
いよ立花,2246
いりなか,14204
いわき,11744
いわて沼宮内,850
うきは,0
うらがわら,168
えちご押上ひすい海岸,0
えびの,0
えびの上江,0
えびの飯野,0
おかどめ幸福,155
おごと温泉,12626
おもちゃのまち,2621
おもろまち,11586
おゆみ野,5221
おりはた,33
お台場海浜公園,16899
お花茶屋,34319
かしわ台,18665
かぶと山,67
かみのやま温泉,3042
かるが浜,414
くいな橋,6035
くぬぎ山,7297
くびき,157
くりこま高原,2096
けやき台,2568
こどもの国,11458
さいたま新都心,111102
さがみ野,37399
さぎの宮,2276
さくらんぼ東根,2726
さくら夙川,16746
ささしまライブ,7000
さっぽろ,174240
さつき野,1938
ししぶ,3232
しんざ,163
すえたちばな,8
すすきの,34138
すずかけ台,11623
すずらんの里,0
せきてらす前,79
せんげん台,57414
たのうら御立岬公園,131
たびら平戸口,218
たまプラーザ,83136
だいどう豊里,9771
ちはら台,5948
つきのわ,5352
つきみ野,10537
つくし野,11544
つくば,36100
つつじヶ丘,45169
てだこ浦西,2605
とうきょうスカイツリー,0
ときわ台,47894
なにわ橋,2330
のいち,1389
のの岳,0
はなみずき通,2884
はりまや橋,4532
はりま勝原,11014
はるひ野,10048
ひがし野団地,0
ひぐち,57
ひこね芹川,120
ひたち野うしく,13946
ひばりが丘,10212
ひばりヶ丘,74392
ひめじ別所,3848
ひらんだ,1
ひろせ野鳥の森,1163
びわ湖浜大津,5373
ふかや花園,161
ふじみ野,66843
ふるさと公園,35
ふれあい生力,250
ほうらい丘,0
ほくほく大島,72
ほしみ,0
ほっとゆだ,240
まつだい,430
まつもと町屋,202
みさき公園,4679
みずほ台,41146
みつわ台,3503
みどりの,9400
みどり中央,916
みどり中街,206
みどり口,1105
みどり台,7837
みどり湖,0
みなとじま,16121
みなとみらい,90677
みなと元町,3652
みなみ子宝温泉,21
みなみ寄居,0
みの,514
みのり台,8810
みらい平,10600
めがね橋,800
めじろ台,16780
もたて山,0
やぐま台,413
やながわ希望の森公園前,310
ゆだ錦秋湖,0
ゆだ高原,0
ゆめが丘,2207
ゆめみ野,2035
よしかわ,15
りんくうタウン,19542
りんくう常滑,2280
アイランドセンター,18998
アイランド北口,8441
アスモ前,58
アプトいちしろ,7
インテック本社前,321
ウェスパ椿山,0
ウッディタウン中央,2583
オレンジタウン,238
オークスカナルパークホテル富山前,0
ガーラ湯沢,2130
グランドプラザ前,466
グランド通,631
ケーブル八幡宮口,1132
ケーブル八幡宮山上,1132
ケーブル八瀬,716
ケーブル坂本,528
ケーブル山上,373
ケーブル延暦寺,528
ケーブル比叡,716
コウノトリの郷,1
コスモスクエア,26650
サッポロビール庭園,0
サンドーム西,75
ジヤトコ前,124
スクリーン,630
スペースワールド,4492
スポーツセンター,4736
スポーツ公園,36
センター北,60889
センター南,58579
ソシオ流通センター,633
テクノさかき,917
テレコムセンター,12140
デンテツターミナルビル前,2321
トマム,0
トヨタモビリティ富山Gスクエア五福前（五福末広町）,1147
トレードセンター前,13068
トロッコ亀岡,4390
トロッコ保津峡,13
トロッコ嵐山,1890
トロッコ嵯峨,2580
ドーム前,9882
ドーム前千代崎,12015
ナゴヤドーム前矢田,25336
ニセコ,0
ノーフォーク広場,22
ハウステンボス,2762
ハーバーランド,15458
ハーモニーホール,50
バスセンター前,19504
ファミリー公園前,501
フェリーターミナル,3849
フジテック前,230
フラワータウン,4357
フルーツパーク,20
プレイピア白浜,0
ベイサイドアリーナ,0
ベイサイド･ステーション,14476
ベル前,375
ポートタウン東,13656
ポートタウン西,8914
ポートターミナル,835
マキノ,618
マリンパーク,7680
メディカルセンター,600
モノレール浜松町,117370
モレラ岐阜,242
ヤナバスキー場前,0
ユニバーサルシティ,59992
ユーカリが丘,21456
リゾートゲートウェイ･ステーション,39010
ロイズタウン,0
ロープウェイ入口,3040
一の渡,6
一の鳥居,805
一ツ木,3762
一ノ割,18063
一ノ関,8796
一之江,44708
一乗寺,2272
一乗谷,26
一分,5154
一勝地,0
一宮,1591
一志,217
一戸,543
一日市場,1566
一本松,4451
一条橋,67
一橋学園,21189
一武,105
一畑口,103
一社,28550
一貴山,920
一身田,2543
七ツ屋,57
七ヶ岳登山口,9
七久保,269
七井,278
七光台,7128
七和,551
七塚,8
七宝,5313
七尾,2228
七戸十和田,1550
七日町,0
七条,14102
七百,0
七軒茶屋,1802
七道,11389
七里,20392
七里ヶ浜,7295
七重浜,240
七隈,10107
七飯,926
万ヶ塚,0
万博記念公園,20936
万場,11
万富,1262
万座・鹿沢口,0
万石浦,0
万能倉,1588
万願寺,8108
三つ峠,428
三ツ境,57806
三ツ屋,805
三ツ松,419
三ツ沢上町,16736
三ツ沢下町,12592
三ツ石,342
三ノ宮,250268
三ノ輪,43601
三ノ輪橋,3266
三ヶ山口,304
三ヶ日,357
三ヶ根,2026
三ヶ森,2260
三井寺,1544
三井野原,6
三代橋,115
三会,64
三保三隅,210
三俣,185
三加茂,150
三十八社,58
三原,12406
三厩,0
三口,121
三咲,13992
三国,25449
三国が丘,5845
三国ヶ丘,48454
三国港,282
三国神社,136
三好ヶ丘,10060
三好町,92
三妻,205
三宅八幡,583
三室戸,3929
三宮,123284
三宮・花時計前,16510
三山木,4746
三岡,0
三峰口,360
三島,61243
三島二日町,2924
三島広小路,3806
三島田町,2650
三崎口,16683
三川,0
三戸,455
三才,2965
三方,176
三日市,1227
三日市町,14443
三日月,250
三春,1740
三木,1298
三木上の丸,338
三木里,96
三本松,1366
三本松口,386
三条,37884
三条京阪,27025
三松,206
三枚橋,750
三柿野,5124
三次,866
三毛門,0
三沢,2562
三河一宮,1558
三河三谷,3793
三河上郷,2075
三河八橋,3391
三河内,0
三河塩津,2824
三河大塚,2714
三河大野,217
三河安城,12394
三河島,23016
三河川合,50
三河東郷,145
三河槙原,36
三河田原,2951
三河知立,895
三河豊田,14917
三河高浜,4405
三河鳥羽,362
三河鹿島,646
三津,2007
三津浜,1080
三浦,28
三浦海岸,10981
三溝,393
三滝,1064
三潴,917
三瀬,0
三瀬谷,382
三田,225304
三田本町,773
三石,348
三縄,36
三股,0
三良坂,80
三苫,3574
三菱自工前,132
三見,46
三角,780
三谷,65
三越前,133564
三軒茶屋,142028
三輪,1430
三輪崎,56
三農校前,0
三郷,29242
三郷中央,30500
三里,644
三里木,1158
三重町,1683
三野瀬,58
三門,0
三間坂,716
三関,0
三陸,48
三雲,3914
三鷹,197414
三鷹台,22072
上の町,898
上ゲ,985
上ノ国,0
上ノ太子,4528
上ノ庄,12
上一万,1517
上万場,0
上三依塩原温泉口,30
上三田,94
上三緒,0
上下,124
上下浜,0
上中,448
上中里,16124
上丸渕,1046
上之郷,150
上二田,0
上井草,21302
上今井,0
上今市,103
上伊万里,0
上伊田,50
上伊集院,3472
上保原,397
上八木,1062
上前津,49060
上北台,13031
上北沢,15942
上北町,550
上厚内,0
上古沢,14
上呂,55
上嘉川,114
上堀,270
上塩屋,1221
上境,0
上夜久野,134
上大井,1049
上大岡,143758
上大月,98
上宇和,164
上安,4841
上富良野,654
上小川,92
上小田井,38891
上尾,84420
上尾幌,0
上山口,262
上岡,0
上島,3494
上川,296
上川内,219
上川口,98
上川立,38
上州一ノ宮,188
上州七日市,257
上州富岡,441
上州新屋,129
上州福島,286
上市,1862
上市場,16
上幌向,0
上幌延,0
上強羅,119
上戸,0
上戸手,1002
上挙母,4792
上新庄,47593
上星川,26006
上月,74
上有住,0
上有田,0
上本町,443
上本郷,7107
上杉,13
上条,49
上松,325
上松川,691
上板橋,51929
上林,29
上枝,28
上栄町,1483
上桂,7983
上桑名川,0
上桧木内,7
上横須賀,1294
上毛高原,1490
上永谷,37146
上沢,7752
上泉,84
上浜,0
上浦,102
上涌谷,0
上深川,620
上湯沢,0
上溝,12572
上滝,344
上熊本,5658
上熊谷,881
上片桐,689
上牧,9242
上狛,764
上田,10337
上田原,759
上田浦,18
上町,10587
上町一丁目,441
上町二丁目,608
上町五丁目,1065
上町四丁目,359
上白滝,0
上盛岡,0
上相浦,569
上石神井,44893
上石見,14
上磯,160
上社,22722
上神梅,27
上福岡,56428
上穂波,0
上米内,0
上総一ノ宮,6032
上総三又,100
上総中川,12
上総中野,70
上総久保,11
上総亀山,0
上総大久保,8
上総山田,115
上総川間,59
上総村上,106
上総東,28
上総松丘,0
上総清川,0
上総湊,1418
上総牛久,560
上総興津,376
上総鶴舞,14
上臼杵,742
上芦別,0
上菅,14
上菅谷,1524
上諏訪,8786
上諸江,379
上豊田,3164
上越国際スキー場前,0
上越妙高,4476
上道,340
上郡,6002
上郷,1380
上野,376340
上野動物園東園,7102
上野動物園西園,7102
上野原,9992
上野尻,40
上野市,1718
上野幌,5658
上野広小路,24123
上野御徒町,59753
上野毛,22572
上野目,0
上野芝,17402
上野部,12
上野間,632
上金田,181
上長瀞,241
上飯島,0
上飯田,9399
上鳥羽口,8128
上鹿折,0
上麻生,159
下ノ江,0
下丸子,36829
下久野,8
下之郷,304
下井草,24921
下井阪,866
下仁田,211
下今市,2436
下伊田,323
下兵庫,252
下兵庫こうふく,131
下切,1059
下北,386
下北条,136
下北沢,121739
下古沢,36
下吉田,738
下呂,1608
下和知,6
下唯野,4
下土狩,2715
下地,447
下士別,0
下夜久野,146
下大利,15548
下天津,2
下奥井,414
下妻,1845
下宇和,40
下小代,190
下小川,0
下小田井,3779
下山,182
下山口,8012
下山村,80
下山門,5792
下島,391
下川合,25
下川沿,0
下川辺,28
下市,138
下市口,2341
下市田,137
下平,186
下庄,607
下府,172
下徳富,0
下志比,80
下新,144
下新庄,8148
下新田,56
下曽我,2627
下曽根,13502
下条,0
下松,7756
下板橋,16554
下段,90
下永谷,11360
下油井,62
下沼,0
下泉,55
下津,766
下浜,0
下浦,338
下深川,2958
下深谷,1042
下湯沢,0
下溝,0
下滝,110
下灘,108
下狛,912
下田,404
下白滝,0
下祗園,11076
下神明,8702
下立,89
下立口,45
下総中山,48232
下総松崎,1384
下総橘,0
下総神崎,1680
下総豊里,0
下船渡,0
下菅谷,0
下落合,12435
下諏訪,4098
下赤塚,16287
下郡,0
下部温泉,172
下里,144
下野代,386
下野大沢,1582
下野宮,0
下野花岡,0
下金山,0
下関,20150
下飯田,6571
下館,8610
下館二高前,181
下馬,7524
下高井戸,44833
下鴨生,0
下麻生,81
不二越,370
不動の沢,0
不動前,31573
不動院前,4477
不破一色,1262
与謝野,233
与野,52996
与野本町,30958
世田谷,9119
世田谷代田,9348
世良田,464
両国,79724
両石,22
並木中央,5265
並木北,3582
並河,6512
中の島,12180
中ふ頭,6409
中ノ庄,1503
中ノ沢,0
中三依温泉,18
中三田,162
中之島,9252
中之条,2078
中之郷,301
中井,29347
中井侍,3
中京競馬場前,9750
中伏木,30
中佐世保,178
中佐都,0
中八木,2720
中公園,8262
中判田,1682
中加積,261
中原,2110
中名,0
中国勝山,612
中土,2
中埠頭,3215
中塩田,85
中多久,802
中央前橋,1632
中央区役所前,2880
中央図書館前,2144
中央大学・明星大学,33675
中央市場前,6856
中央弘前,308
中央林間,107086
中央病院前,660
中妻,209
中学校,1014
中富良野,0
中小国,0
中小屋,0
中小田井,3791
中山,84602
中山口,130
中山宿,0
中山寺,19086
中山平温泉,0
中山観音,11350
中山香,0
中岡崎,4159
中島,5800
中島公園,19248
中島公園通,1541
中崎町,15170
中川,18872
中川原,1658
中川辺,260
中庄,15904
中延,31947
中強羅,100
中愛別,0
中斜里,0
中新湊,96
中書島,12271
中村,844
中村公園,26000
中村区役所,13140
中村日赤,9988
中村橋,41021
中条,2378
中松,151
中松江,883
中板橋,29052
中根,17
中水野,3340
中沢,0
中河原,25845
中泉,79
中津,41688
中津川,6701
中津幡,1238
中洲川端,39166
中洲通,750
中浜,102
中浦,0
中浦和,26680
中深川,730
中滑川,793
中瀬古,285
中田,18030
中田平,26
中町（西町北）,650
中畑,2
中百舌鳥,76151
中目黒,196777
中神,22816
中福良,0
中筋,8281
中納言,302
中舟生,0
中荒井,12
中菅谷,0
中菰野,981
中萩,242
中萱,772
中角,78
中豊,0
中軽井沢,1395
中込,1996
中郡,1508
中部国際空港,29863
中部天竜,206
中里,255
中野,301772
中野坂上,77763
中野富士見町,20202
中野島,29994
中野新橋,20884
中野東,5402
中野松川,180
中野栄,11160
中間,3280
中電前,3334
中須田,0
中飯降,688
串,8
串木野,1686
串本,656
串間,0
丸の内,39446
丸ノ内,1148
丸亀,8010
丸太町,23356
丸尾,430
丸山,2802
丸山下,53
丸岡,2094
丸森,316
丸渕,763
丸瀬布,0
丹後由良,43
丹後神崎,12
丹比,85
丹治部,30
丹波口,13520
丹波大山,154
丹波橋,43918
丹波竹田,260
丹生,246
丹生川,276
丹荘,0
乃木,1836
乃木坂,42374
久々原,150
久々野,106
久が原,16512
久ノ浜,0
久下村,12
久下田,220
久世,410
久代,4
久住,0
久保田,1274
久原,63
久喜,71914
久地,28648
久宝寺,36224
久宝寺口,5445
久寿川,4425
久居,9581
久屋大通,52638
久崎,37
久慈,655
久我原,6
久我山,40879
久手,94
久根別,120
久津川,7293
久田野,0
久留米,15710
久留米大学前,2522
久留米高校前,1330
久留里,818
久米,2787
久米川,32638
久米田,13226
久美浜,77
久谷,18
久那土,262
久里浜,12910
乙丸,419
乙供,459
乙原,384
乙女,0
乙川,2399
九品仏,13337
九品寺交差点,1962
九大学研都市,19320
九州工大前,8996
九州鉄道記念館,465
九度山,566
九条,23859
九段下,177402
九産大前,15720
九郎原,0
九重,0
九頭竜湖,36
九鬼,33
乱川,0
亀井,476
亀山,4312
亀岡,17496
亀島,9736
亀崎,5564
亀嵩,44
亀川,3142
亀戸,116552
亀戸水神,4352
亀有,85708
亀田,10756
亀甲,448
二ツ井,606
二ツ杁,3265
二ノ瀬,56
二上,9326
二上山,1192
二上神社口,799
二中通,1130
二井田,60
二俣,1
二俣尾,0
二俣川,82602
二俣新町,9614
二俣本町,85
二十四軒,13028
二十軒,1031
二升石,0
二名,40
二和向台,17446
二塚,78
二子,2735
二子新地,21734
二子玉川,163140
二宮,26928
二島,2562
二川,6350
二戸,1576
二日市,14984
二月田,690
二木島,38
二本木,228
二本木口,480
二本松,3524
二条,27236
二条城前,10152
二田,618
二股,0
二色浜,4485
二見浦,517
二軒屋,1266
二軒茶屋,1356
二郎,177
二里ヶ浜,396
二重橋前,41352
二階堂,3479
五ノ三,499
五井,39053
五位堂,26874
五位野,686
五十島,0
五十崎,8
五十川,0
五十市,0
五十猛,22
五十石,0
五十鈴ヶ丘,503
五十鈴川,2603
五反田,282702
五反野,36756
五島町,1300
五所川原,1680
五日市,26808
五日町,0
五月台,10192
五条,14843
五橋,11632
五泉,2170
五百川,0
五百石,827
五百羅漢,1442
五知,28
五社,1914
五稜郭,1362
五稜郭公園前,3435
五箇荘,90
五農校前,198
五郎,28
五郎丸,753
五香,29725
井の頭公園,6814
井上,0
井倉,66
井出,69
井原,1122
井原市,134
井原里,3126
井口,2040
井土ヶ谷,29035
井尻,23881
井川,238
井川さくら,554
井戸,70
井田川,1377
井細田,3481
井荻,19818
井野,4362
井関,2
井高野,7268
亘理,4260
交通センター前,216
交通局前,1268
交野市,8887
京セラ前,50
京ヶ瀬,0
京丹後大宮,130
京口,2244
京急久里浜,42350
京急大津,4943
京急富岡,21764
京急川崎,132524
京急新子安,8399
京急東神奈川,23821
京急田浦,12986
京急蒲田,65123
京急長沢,7232
京急鶴見,33348
京成上野,50235
京成中山,3766
京成佐倉,18305
京成八幡,36364
京成千葉,29464
京成大久保,35157
京成大和田,12638
京成小岩,18803
京成幕張,8497
京成幕張本郷,16835
京成成田,36905
京成曳舟,19791
京成津田沼,60394
京成稲毛,7136
京成立石,39010
京成臼井,19787
京成船橋,93281
京成西船,10934
京成酒々井,6713
京成金町,25352
京成関屋,25614
京成高砂,106481
京橋,262740
京王よみうりランド,13687
京王八王子,58124
京王堀之内,32280
京王多摩センター,90353
京王多摩川,17021
京王永山,46013
京王片倉,5054
京王稲田堤,57300
京田辺,12796
京町温泉,0
京終,1480
京都,390164
京都市役所前,28747
京都河原町,78595
京都精華大前,1069
京阪大津京,5747
京阪山科,3877
京阪石山,6958
京阪膳所,5129
人丸,120
人丸前,1294
人吉,0
人吉温泉,953
人形町,80099
人見,113
仁万,562
仁井田,22
仁保,74
仁保津,784
仁山,0
仁川,24998
仁愛女子高校,74
仁方,1022
仁木,0
仁豊野,2114
仁賀保,522
今井,3808
今井浜海岸,293
今伊勢,3643
今出川,27758
今別,0
今宮,9500
今宮戎,1542
今宿,10872
今山,0
今川,4295
今川河童,80
今市,2322
今庄,318
今橋,639
今池,47924
今治,4508
今泉,460
今津,33382
今福,94
今福鶴見,22075
今羽,5330
今船,124
今里,23001
今隈,118
介良通,458
仏子,10879
仏生山,3665
仙北町,3374
仙台,182556
仙台空港,5385
仙崎,90
仙川,82714
代々木,140958
代々木上原,283238
代々木八幡,20580
代々木公園,29250
代官山,31241
代官町,38
代田橋,20131
令和コスタ行橋,103
仲ノ町,23
仲御徒町,43271
仲町台,33642
企救丘,4006
伊万里,962
伊上,18
伊与喜,16
伊丹,50094
伊予三島,1848
伊予三芳,368
伊予上灘,158
伊予中山,162
伊予亀岡,138
伊予出石,66
伊予北条,2304
伊予吉田,200
伊予和気,796
伊予土居,592
伊予大平,48
伊予大洲,1784
伊予宮野下,190
伊予富田,248
伊予寒川,232
伊予小松,544
伊予市,1034
伊予平野,48
伊予桜井,582
伊予横田,220
伊予氷見,102
伊予白滝,38
伊予石城,48
伊予立川,44
伊予西条,3026
伊予長浜,268
伊佐領,0
伊保,2142
伊勢上野,140
伊勢中原,362
伊勢中川,7264
伊勢佐木長者町,16734
伊勢八太,43
伊勢八知,9
伊勢原,51705
伊勢大井,15
伊勢奥津,52
伊勢崎,12242
伊勢川口,22
伊勢川島,2193
伊勢市,10240
伊勢朝日,3937
伊勢松本,2482
伊勢柏崎,173
伊勢治田,409
伊勢田,6933
伊勢石橋,54
伊勢竹原,20
伊勢若松,1924
伊勢鎌倉,15
伊太祈曽,738
伊奈,3354
伊奈中央,2234
伊尾木,47
伊川谷,9922
伊東,15302
伊比井,0
伊納,0
伊豆仁田,3193
伊豆北川,68
伊豆多賀,0
伊豆大川,265
伊豆急下田,3576
伊豆熱川,1095
伊豆稲取,1409
伊豆長岡,4807
伊豆高原,2988
伊賀,1650
伊賀上津,111
伊賀上野,1529
伊賀和志,0
伊賀屋,0
伊賀神戸,4420
伊達,1966
伊達紋別,1034
伊那上郷,1351
伊那八幡,372
伊那北,2050
伊那大島,702
伊那小沢,2
伊那市,2377
伊那新町,129
伊那本郷,73
伊那松島,995
伊那田島,29
伊那福岡,647
伊部,918
伊里,360
伊野,956
伊野商業前,90
伊野灘,57
伊野駅前,53
伊集院,4942
伊香牛,0
伏屋,5636
伏木,542
伏石,0
伏見,99874
伏見桃山,10469
伏見稲荷,13700
会津下郷,141
会津中川,0
会津坂下,724
会津坂本,0
会津塩沢,0
会津大塩,0
会津宮下,76
会津山村道場,7
会津川口,108
会津本郷,0
会津柳津,0
会津桧原,0
会津横田,0
会津水沼,0
会津田島,561
会津若松,5162
会津荒海,46
会津蒲生,0
会津西方,0
会津豊川,0
会津越川,0
会津長野,14
会津高原尾瀬口,511
会津高田,0
伝法,8267
伝馬町,15494
伯耆大山,1472
伯耆溝口,156
伴,2852
伴中央,1402
似内,0
伽羅橋,1538
佃,60
但馬,893
住ノ江,12304
住之江公園,31046
住吉,71224
住吉公園,0
住吉大社,9020
住吉東,6578
住吉町,6605
住吉通,85
住吉鳥居前,1382
住道,61998
佐々,523
佐々木,1772
佐世保,7326
佐世保中央,954
佐久,0
佐久平,6226
佐久広瀬,0
佐久海ノ口,0
佐久間,14
佐伯,1454
佐伯区役所前,2480
佐倉,20498
佐原,6390
佐古,1712
佐古木,2666
佐味田川,1446
佐和,7810
佐土原,2260
佐奈,78
佐屋,4374
佐川,766
佐志生,0
佐敷,573
佐津,146
佐用,1120
佐羽根,6
佐良山,36
佐貫,2305
佐貫町,448
佐賀,24696
佐賀公園,2
佐那具,210
佐里,0
佐野,7176
佐野のわたし,134
佐野市,696
体験坑道,117
余呉,320
余子,684
余市,1262
余戸,2496
余目,1006
余部,4456
作並,372
作木口,0
作草部,3996
佳景山,0
侍浜,0
依那古,79
俊徳道,6699
保々,1286
保内,0
保原,1007
保土ヶ谷,68730
保津峡,718
保田,500
保見,1333
保谷,63372
信太山,7860
信州中野,3008
信木,0
信楽,892
信濃吉田,2843
信濃国分寺,1111
信濃境,0
信濃大町,2472
信濃川上,242
信濃川島,0
信濃川田,0
信濃常盤,0
信濃平,0
信濃木崎,0
信濃松川,1170
信濃森上,0
信濃浅野,294
信濃町,52516
信濃白鳥,14
信濃竹原,52
信濃荒井,81
信濃追分,492
信砂,0
信貴山下,2606
信貴山口,1380
修善寺,4580
修大協創中高前,4122
修学院,2892
俵田,0
倉吉,4106
倉敷,38954
倉敷市,4659
倉本,29
倉橋,0
倉永,1141
倉見,0
倉賀野,3698
倶利伽羅,257
倶知安,988
偕楽園,0
健軍交番前,663
健軍校前,1043
健軍町,5834
傘松,1370
備中呉妹,87
備中川面,102
備中広瀬,108
備中神代,14
備中箕島,402
備中高松,2594
備中高梁,3756
備前一宮,2052
備前三門,2294
備前原,196
備前片上,300
備前片岡,470
備前田井,636
備前福河,60
備前西市,3626
備後三川,36
備後三日市,2
備後八幡,0
備後安田,14
備後庄原,254
備後本庄,870
備後矢野,18
備後落合,28
備後西城,72
備後赤坂,3690
儀保,2973
元住吉,67853
元加治,7035
元善光寺,471
元宇品口,1181
元山,18159
元山上口,1465
元田中,906
元町,71864
元町・中華街,63291
兄畑,0
光,4596
光が丘,63120
光の森,5410
光善寺,17545
光岡,0
光明寺,22
光明池,30115
光洋台,258
光珠内,0
光風台,3459
免田,276
児島,9106
児玉,746
兜,1
兜沼,0
入善,1812
入地,67
入山瀬,1928
入広瀬,0
入明,932
入曽,17764
入江岡,730
入生田,990
入谷,36129
入野,422
入間市,33713
八ツ島,437
八ツ森,0
八丁堀,117546
八丁牟田,1244
八丁畷,19575
八丁馬場,584
八乙女,16590
八事,35596
八事日赤,13842
八代,3952
八代通,278
八十場,222
八千代中央,23967
八千代台,45975
八千代町,700
八千代緑が丘,41010
八千穂,196
八坂,6171
八多喜,70
八家,2366
八尾,26330
八尾南,11498
八川,0
八幡,13342
八幡前,1483
八幡宿,23704
八幡山,43346
八幡平,0
八幡新田,2635
八幡浜,1770
八広,12678
八戸,12296
八戸ノ里,27151
八日市,2140
八日市場,3668
八景島,4770
八景水谷,388
八木,2880
八木原,2174
八木山動物公園,11434
八木崎,10646
八木沢,74
八木沢・宮古短大,49
八木西口,5867
八本松,7766
八東,55
八柱,45332
八栗,941
八栗口,450
八栗山上,531
八栗新道,190
八栗登山口,531
八森,0
八橋,124
八次,198
八津,6
八浜,838
八潮,49100
八瀬比叡山口,788
八王子,170006
八王子みなみ野,37442
八田,14478
八積,1474
八色,0
八草,7767
八街,11644
八軒,5008
八郎潟,1584
八雲,418
八頭高校前,444
八鹿,966
公園,200
公園上,96
公園下,65
公園東口,1495
公園西,2512
公庄,1
公文明,209
公津の杜,14034
公立病院前,21
六丁の目,7426
六万寺,1028
六会日大前,29802
六十谷,6890
六原,0
六反地,10
六合,6092
六名,1619
六地蔵,15060
六実,14840
六日町,4738
六本木,133164
六本木一丁目,88958
六本松,14228
六条,18
六浦,15934
六渡寺,38
六田,918
六甲,29523
六甲ケーブル下,803
六甲山上,752
六甲道,52882
六町,30100
六番町,14930
六軒,2568
六輪,1046
六郷土手,16441
共和,19596
兵庫,44666
具同,79
内ヶ巻,0
内之田,0
内原,5624
内名,6
内子,1214
内宿,5151
内山,178
内幸町,44741
内海,1319
内灘,2723
内牧,0
内田,30
内船,239
内部,861
内郷,2034
内野,5468
内野西が丘,0
円山公園,30504
円座,1729
円田,71
円町,17050
円行寺口,604
再春医療センター前,124
冠着,146
冷水浦,174
出光美術館,52
出屋敷,12792
出島,1800
出平,0
出戸,15771
出戸浜,0
出来島,10584
出水,2250
出町柳,38208
出目,26
出雲三成,126
出雲八代,22
出雲坂根,4
出雲大東,296
出雲大社前,803
出雲崎,316
出雲市,5036
出雲横田,172
出雲神西,114
出雲科学館パークタウン前,43
出馬,1
函南,3516
函館,5522
函館どつく前,456
函館アリーナ前,875
函館駅前,3899
分倍河原,95121
分水,930
切目,120
切石,226
切通,1628
刈和野,620
刈羽,0
刈谷,73056
刈谷市,6558
刑部,108
初台,65172
初富,5575
初島,660
初狩,0
初田牛,0
初石,18609
初芝,16831
初野,0
別保,0
別府,11954
別府大学,3864
別当賀,0
別所温泉,458
別院前,834
利別,0
利府,5586
刺巻,0
前之浜,0
前原,9578
前山,0
前川,0
前平公園,101
前後,21465
前栽,3931
前橋,21364
前橋大島,3322
前沢,1014
前浜,33
前田南,9
前畑,284
前空,4204
前谷地,0
前郷,132
剛志,1575
剣吉,410
剣淵,134
割出,478
加佐登,1263
加勢,0
加古川,47978
加太,660
加島,18628
加布里,1328
加斗,124
加治,0
加治屋町,799
加治木,3600
加納,506
加美,17068
加茂,5548
加茂中,118
加茂宮,6051
加茂郷,1340
加茂野,90
加賀温泉,3992
加賀笠間,3130
加須,13569
助信,2720
勅旨,56
勇払,0
勇知,0
動植物園入口,682
動橋,1024
動物公園,1430
動物園前,31291
務田,56
勝どき,108147
勝原,2
勝山,759
勝山町,1638
勝川,35202
勝幡,4584
勝木,0
勝沼ぶどう郷,886
勝浦,2142
勝瑞,2430
勝田,28236
勝田台,52882
勝野,0
勝間,324
勝間田,252
勢浜,64
勢野北口,1825
勾当台公園,33926
勾金,300
勿来,1666
北12条,9944
北13条東,7450
北18条,14674
北24条,28566
北34条,14394
北一已,0
北三条,732
北上,7556
北上尾,31568
北与野,20596
北中込,0
北丸森,19
北久米,1269
北久里浜,25627
北五泉,1388
北仙台,16826
北伊丹,11068
北伊予,482
北佐世保,524
北余目,0
北信太,12300
北俣,0
北八王子,19322
北内,190
北初富,5351
北剣淵,0
北加賀屋,25074
北助松,12566
北勢中央公園口,507
北千住,455250
北千束,7268
北千里,25323
北原,254
北参道,24879
北吉原,0
北吉田,0
北品川,9538
北四番丁,17154
北国分,8356
北坂戸,20020
北埠頭,1648
北堀之内,0
北大垣,326
北大宮,6321
北大曲,0
北大町,0
北大石田,0
北大路,31340
北大野,52
北天下茶屋,108
北宇和島,76
北宇智,356
北安城,1498
北小松,722
北小谷,2
北小金,49176
北山,14544
北山形,3180
北山田,28444
北岡崎,3714
北川,0
北巽,13868
北常盤,842
北広島,15410
北府,225
北府中,30552
北延岡,0
北戸田,44040
北新・松本大学前,1394
北新井,480
北新地,100794
北新川,3246
北新横浜,12471
北方,4148
北方真桑,236
北日ノ出,0
北星,0
北春日部,10406
北朝霞,141768
北本,37914
北条,0
北条町,537
北松戸,43432
北松本,1380
北柏,38546
北森,0
北楠,1791
北殿,563
北比布,0
北水海道,505
北永山,0
北永野田,0
北池袋,10036
北池野,450
北河内,50
北浜,70905
北浦,51
北浦和,106264
北浦湖畔,30
北海道医療大学,0
北濃,29
北熊本,830
北田辺,5277
北畠,2563
北白川,0
北真岡,180
北神戸,505
北秩父別,0
北細野,0
北綾瀬,37943
北美瑛,0
北習志野,45774
北能代,0
北舟岡,0
北花田,26294
北茅ヶ崎,5710
北藤岡,0
北見,1296
北豊津,0
北赤羽,38092
北越谷,53007
北郷,0
北里大学前,0
北野,23006
北野桝塚,2394
北野田,33628
北野白梅町,3374
北野辺地,0
北金ヶ沢,0
北金岡,0
北鈴蘭台,10185
北鉄金沢,4450
北鎌倉,18030
北長岡,0
北長瀬,9430
北長野,4032
北間,62
北須坂,874
北飯山,0
北高岩,32
北高崎,3240
北鯖江,1028
北鴻巣,14548
北鹿沼,185
区界,0
医王寺前,551
医療センター,15029
十三,68706
十三里,0
十九条,31
十二兼,16
十二所,0
十二橋,0
十二湖,0
十勝清水,502
十和田南,324
十和田市,0
十国峠,433
十国登り口,433
十字街,2250
十島,73
十川,20
十府ヶ浦海岸,6
十弗,0
十文字,832
十日市場,41608
十日市町,4783
十日町,1486
十村,142
十条,74220
十王,5966
千丁,550
千丈,8
千代,3
千代ヶ岡,0
千代台,569
千代崎,1872
千代川,4306
千代田,13425
千代県庁口,9709
千住大橋,16198
千倉,704
千厩,398
千国,0
千垣,118
千城台,8175
千城台北,2092
千川,40617
千平,13
千年,75
千徳,0
千旦,374
千早,25730
千早口,215
千曲,1005
千曳,6
千本,62
千林,7742
千林大宮,15927
千歳,18150
千歳烏山,83257
千歳町,3400
千歳船橋,60683
千畳敷,0
千石,30729
千種,56483
千綿,0
千船,16945
千葉,216242
千葉みなと,34382
千葉ニュータウン中央,23899
千葉中央,18321
千葉公園,1885
千葉寺,4907
千路,124
千里,2527
千里丘,40594
千里中央,91157
千里山,16237
千金,0
千頭,1081
千駄ヶ谷,34536
千駄木,29659
千鳥,7550
千鳥橋,9581
千鳥町,16646
升形,0
半家,4
半田,3302
半田口,1161
半蔵門,91881
南が丘,3265
南ウッディタウン,1869
南万騎が原,11731
南三原,962
南下徳富,0
南与野,37516
南中川,182
南中郷,1140
南久留米,852
南今庄,26
南仙台,19996
南伊予,186
南伊東,1197
南公園,5299
南出羽,0
南加木屋,8439
南区役所前,1895
南千住,34440
南千歳,3112
南千里,20610
南古谷,16754
南吉田,0
南吹田,4742
南四日市,1430
南堀端,688
南多摩,13568
南大分,1078
南大塚,16937
南大嶺,20
南大東,14
南大沢,63422
南大町,0
南大高,13528
南太田,17523
南宇都宮,1205
南守谷,2495
南安城,5115
南宍道,6
南宮崎,3740
南宿,817
南富山,1276
南富山駅前,2396
南寒河江,0
南小倉,10038
南小松島,1840
南小樽,3976
南小谷,200
南小野田,226
南岩国,3358
南巽,11579
南幌延,0
南平,10722
南平岸,15534
南延岡,1664
南弟子屈,0
南彦根,11802
南御殿場,654
南摂津,9921
南斜里,0
南新宿,3977
南新庄,0
南方,36578
南日向,0
南日永,964
南木曽,583
南条,620
南松本,3008
南林間,34021
南柏,65778
南栄,3643
南栗橋,8843
南桑,5
南桜井,14515
南森町,82999
南橋本,11188
南比布,0
南気仙沼,0
南永山,0
南河内,87
南流山,75100
南浦和,120778
南清水沢,0
南港口,4790
南港東,4026
南滋賀,1905
南瀬高,0
南熊本,2148
南生駒,5256
南田辺,8634
南由布,0
南甲府,1004
南町,1106
南町田グランベリーパーク,40084
南直方御殿口,65
南矢代,330
南石下,317
南石井,0
南砂町,60969
南神城,0
南福岡,20776
南福島,3538
南稚内,128
南米沢,0
南美深,0
南羽咋,130
南羽生,3793
南船橋,45616
南若松,37
南茨木,40604
南草津,60886
南荒子,3100
南荒尾,722
南蛇井,87
南行徳,53769
南行橋,2634
南角田,19
南豊科,1862
南越谷,151524
南部,1418
南部市場,3044
南郷,0
南郷13丁目,15156
南郷18丁目,21718
南郷7丁目,21586
南酒々井,0
南酒出,0
南野,0
南長井,186
南阿佐ヶ谷,28144
南阿蘇水の生まれる里白水高原,0
南阿蘇白川水源,2
南陽市役所,5
南風崎,0
南高崎,63
南高田,1708
南魚崎,1798
南鳥海,0
南鳩ヶ谷,16400
南鹿児島,2688
南鹿児島駅前,1251
博労町,476
博多,253252
博多南,16096
占冠,0
卯之町,568
印南,308
印場,5526
印旛日本医大,4813
印西牧の原,15124
卸町,9450
厄神,1670
厚保,54
厚内,0
厚別,6612
厚岸,254
厚床,0
厚木,34015
厚東,218
厚狭,3118
厚賀,0
原,20478
原ノ町,2048
原向,2
原宿,150682
原市,3116
原当麻,10328
原木,687
原木中山,27467
原水,2000
原爆ドーム前,4540
原爆資料館,2000
原生花園,0
原田,7734
原町,3036
原谷,182
原野,86
厨川,3111
厳木,0
参宮橋,14612
及位,0
友江,341
友部,7156
双岩,58
双葉,0
反町,13562
取手,55226
口羽,0
古井,628
古口,60
古国府,962
古山,0
古島,5143
古川,9758
古川橋,18935
古市,20937
古市橋,3698
古庄,3666
古座,248
古江,5176
古河,26690
古泉,2346
古津,0
古津賀,96
古淵,46036
古瀬,0
古町,4891
古虎渓,768
古見,3419
古賀,13614
古賀茶屋,519
古部,67
古里,0
古間,287
古館,1450
古高松,679
古高松南,448
只見,40
可児,3217
可児川,1505
可部,4494
台原,12274
台場,21421
各務ケ原,921
各務原市役所前,3917
合川,101
合戦場,347
合格,42
吉久,39
吉井,337
吉備津,1210
吉備真備,514
吉原,6581
吉原本町,971
吉名,226
吉堀,0
吉塚,30410
吉富,1000
吉尾,0
吉岡海底,0
吉川,36346
吉川美南,10378
吉成,652
吉松,0
吉水,994
吉永,860
吉沢,18
吉浜,3208
吉浦,2412
吉田,15369
吉田口,92
吉礼,410
吉祥寺,287370
吉舎,266
吉良吉田,2893
吉見,950
吉見ノ里,3908
吉里吉里,101
吉野,1000
吉野ヶ里公園,2594
吉野原,3566
吉野口,2501
吉野生,34
吉野町,16066
吉野神宮,489
同志社前,9272
名取,25854
名古屋,431428
名古屋大学,20910
名古屋港,11042
名和,5706
名城公園,10788
名寄,706
名寄高校,0
名島,3294
名張,11999
名手,876
名立,158
名草,18
名谷,52176
名越,424
名鉄一宮,35867
名鉄名古屋,301998
名鉄岐阜,35345
名電各務原,3403
名電山中,914
名電赤坂,1065
名電長沢,678
向ヶ丘,701
向ヶ丘遊園,67384
向之原,1290
向井原,90
向原,1460
向山,67
向島,15839
向市場,10
向日町,15988
向河原,25626
向洋,23952
向瀬上,45
向能代,60
君ヶ浜,11
君津,16502
吹上,18062
吹浦,0
吹田,45792
吹越,0
吾妻（雲仙市役所前）,204
吾桑,86
吾野,617
呉,21096
呉ポートピア,1706
呉服町,8386
呉羽,3352
周参見,228
周布,182
周船寺,10180
周防下郷,482
周防久保,144
周防佐山,108
周防花岡,610
周防高森,820
味噌天神前,914
味坂,206
味岡,4942
味美,5020
味鋺,4350
呼人,0
呼続,2428
呼野,0
和佐,144
和倉温泉,876
和光市,180819
和多田,776
和寒,0
和戸,4102
和木,2016
和歌山,36516
和歌山大学前,9659
和歌山市,16455
和歌山港,478
和気,2710
和泉中央,33066
和泉多摩川,15751
和泉大宮,4848
和泉府中,35042
和泉橋本,6424
和泉砂川,8332
和泉鳥取,4312
和深,30
和渕,0
和田,662
和田塚,1275
和田山,1278
和田岬,21666
和田河原,3065
和田浜,200
和田浦,0
和田町,18017
和白,3272
和知,254
和賀仙人,0
和邇,4658
和銅黒谷,423
和食,182
咥内,122
咲来,0
咲花,0
品井沼,592
品川,766884
品川シーサイド,48462
唐の原,1134
唐丹,21
唐人町,24810
唐崎,7742
唐木田,17207
唐橋前,1507
唐櫃台,2436
唐津,4518
唐浜,30
唐湊,577
唐笠,23
商工センター入口,6484
商工会議所前,23
商業高校前,738
問寒別,0
善光寺,817
善光寺下,1241
善導寺,0
善師野,1502
善行,27011
善通寺,2786
喜々津,3560
喜久田,0
喜入,1154
喜多,1
喜多山,6322
喜多方,1688
喜多灘,30
喜多見,34207
喜志,17226
喜連瓜破,22925
嘉例川,0
嘉川,366
嘉瀬,65
四ツ倉,1220
四ツ小屋,0
四ツ木,16982
四ツ橋,33094
四ツ谷,197262
四十万,246
四十九,165
四天王寺前夕陽ヶ丘,25721
四季の郷,29
四宮,2137
四所,17
四方津,3234
四日市,4571
四条,102351
四条大宮,5945
四条畷,36976
四街道,44524
四谷三丁目,47014
四辻,650
四郎ヶ原,12
四郷,1454
因原,0
因幡社,40
因幡船岡,40
国会議事堂前,43239
国分,5994
国分寺,226736
国吉,95
国定,3188
国府,10321
国府台,13201
国府多賀城,2170
国府宮,22767
国府津,12000
国母,847
国立,108098
国立競技場,10764
国縫,0
国英,28
国見,6454
国谷,999
国道,0
国際センター,11964
国際会議場前,192
国際会館,26019
国際展示場,59392
国領,38713
園,60
園田,30496
園部,9026
土々呂,0
土井,3108
土佐一宮,730
土佐上川口,15
土佐久礼,314
土佐佐賀,132
土佐入野,157
土佐加茂,154
土佐北川,0
土佐大正,32
土佐大津,742
土佐山田,1860
土佐岩原,4
土佐新荘,20
土佐昭和,6
土佐白浜,1
土佐穴内,12
土佐長岡,80
土合,0
土呂,31542
土居,4754
土居田,2429
土山,28402
土岐市,10069
土崎,4152
土市,0
土師,42
土師ノ里,7284
土底浜,0
土本,1
土樽,0
土橋,8443
土気,26670
土沢,0
土浦,32248
土深井,0
在良,265
地下鉄成増,53700
地下鉄赤塚,40635
地区センター,265
地名,16
地御前,972
地福,40
地蔵橋,642
地蔵町,559
地鉄ビル前,353
坂,6698
坂ノ市,2440
坂上,18
坂下,693
坂下町,20
坂之上,4526
坂元,496
坂出,10666
坂北,252
坂城,1591
坂戸,29107
坂本,0
坂本比叡山口,2246
坂根,4
坂田,1272
坂町,1414
坂祝,794
坂越,1414
坂部,612
坊城,3119
坪井,48
坪井川公園,185
坪尻,2
垂井,5246
垂水,63896
城ヶ崎海岸,746
城下,2209
城北,2055
城北公園通,8158
城崎温泉,1858
城川原,675
城戸南蔵院前,606
城東,123
城端,552
城西,30
城見ヶ丘,27
城野,8994
城陽,6880
埴生,602
基山,7750
堀ノ内,12254
堀内,36
堀内公園,520
堀切,4498
堀切菖蒲園,22589
堀川,583
堀川小泉,925
堀川町,474
堀江,416
堀田,15338
堀米,424
堀詰,1839
堂島,0
堅下,3821
堅田,15686
堺,38712
堺市,24094
堺東,60454
堺田,0
堺筋本町,112553
塔のへつり,55
塔ノ沢,88
塔寺,0
塘路,0
塚原,2240
塚口,47193
塚山,0
塚本,38054
塚田,16203
塚目,0
塚西,123
塩之沢,9
塩入,48
塩塚,419
塩尻,8594
塩屋,13280
塩山,4194
塩崎,2112
塩川,532
塩沢,1078
塩浜,7371
塩狩,0
塩田町,287
塩町,274
塩谷,0
塩郷,15
塩釜,5610
塩釜口,24316
境松,21
境港,822
境町,1569
増尾,13089
増毛,0
墨染,7621
士別,586
壬生,2247
壬生川,1600
売布神社,8297
壺川,4151
壺阪山,1156
夏井,0
夕張,0
夕日ヶ浦木津温泉,97
外城田,218
外川,145
外苑前,82336
夙川,27345
多々良,650
多ノ郷,340
多久,676
多喜浜,168
多奈川,603
多宝塔,732
多寄,0
多屋,1252
多度,729
多度津,4188
多摩センター,37449
多摩動物公園,6073
多摩境,20530
多摩川,17935
多摩湖,2587
多比良,362
多気,1120
多治見,26529
多田,7271
多田羅,106
多磨,13757
多磨霊園,13046
多良,0
多良木,277
多賀城,14402
多賀大社前,120
夜ノ森,0
夜明,0
夜間瀬,135
夜須,176
夢前川,1762
大三,443
大三東,73
大中,7
大中山,0
大久保,56700
大久喜,0
大乗,254
大井町,211676
大井競馬場前,11361
大仁,2401
大住,3978
大佐倉,402
大保,2748
大倉山,55464
大元,3674
大入,0
大内,34
大内山,70
大分,37318
大分大学前,3276
大前,0
大原,3084
大口,37634
大同町,13614
大和,118918
大和上市,499
大和二見,410
大和八木,31478
大和小泉,15596
大和川,135
大和新庄,762
大和朝倉,2125
大和田,20003
大和西大寺,48072
大和高田,15019
大善寺,3357
大国町,32655
大土呂,708
大在,4400
大垣,35036
大城,631
大堀,0
大堂津,0
大堰,359
大場,4911
大塔,1008
大塚,117852
大塚・帝京大学,7475
大塚駅前,7990
大塩,4015
大外羽,648
大多喜,226
大多羅,3246
大学,1061
大学前,711
大学病院,2900
大安,800
大安寺,690
大宝,105
大室,0
大宮,516216
大宮公園,9772
大富,478
大寺,17
大小路,743
大屋,1708
大山,52049
大山ケーブル,551
大山口,450
大山寺,2065
大山崎,6028
大岡,2664
大岡山,51126
大岩,188
大岸,0
大島,34111
大崎,346272
大崎広小路,8633
大嵐,35
大川,0
大川ダム公園,2
大川寺,129
大川平,0
大川野,0
大師前,13982
大師橋,10803
大平,0
大平下,0
大平台,219
大庄,194
大府,29513
大庭,367
大張野,0
大形,2336
大志田,0
大成,0
大戸,0
大戸瀬,0
大手モール,226
大手町,365972
大手町駅前,555
大日,33719
大曲,4086
大更,534
大曽根,65392
大曽根浦,11
大月,10742
大木,42
大杉,104
大村,4712
大板井,70
大桑,177
大森,193944
大森・金城学院前,12690
大森台,2936
大森海岸,16501
大森町,22573
大楽毛,0
大槌,244
大橋,39102
大橋通,2296
大正,50714
大歩危,194
大歳,416
大江,5728
大江山口内宮,8
大江橋,4882
大江高校前,155
大池,3281
大池いこいの森,8
大池遊園,195
大沢,0
大沢内,41
大河内,222
大河原,6688
大河端,89
大沼,118
大沼公園,248
大泉,517
大泉学園,87359
大泊,8
大波止,1800
大洋,263
大洗,2150
大津,34716
大津京,19344
大津市役所前,2042
大津港,1826
大津町,298
大浦,42
大浦天主堂,800
大浦海岸通,500
大海,215
大清水,2770
大湊,290
大溝,1011
大滝,0
大滝温泉,0
大濠公園,22715
大牟田,8373
大物,8081
大狩部,0
大甕,19050
大田切,201
大田口,8
大田市,928
大田郷,337
大町,9317
大町西公園,4648
大畑,0
大畠,1690
大白川,0
大矢,36
大矢知,648
大石,9688
大石田,1584
大磯,16472
大神,862
大神宮下,5071
大福,1642
大竹,6558
大篠津町,122
大網,20638
大羽根園,727
大聖寺,1804
大胡,840
大船,199888
大船渡,0
大船渡魚市場前,0
大草,0
大蔵谷,1981
大藪,251
大蛇,0
大行司,0
大街道,5189
大袋,18687
大西,306
大観峰,3026
大谷,333
大谷向,161
大谷地,27114
大谷海岸,0
大貫,2092
大越,0
大輪田,2264
大通,161388
大道,2950
大釈迦,0
大里,3881
大野,0
大野下,712
大野原,1088
大野台,14
大野城,16738
大野浦,3538
大野町,2389
大金,0
大釜,0
大門,251030
大開,4937
大間,562
大間々,461
大間越,0
大関,126
大阪,845370
大阪ビジネスパーク,14384
大阪上本町,77990
大阪城公園,27062
大阪城北詰,10968
大阪天満宮,50442
大阪教育大前,6484
大阪梅田,512887
大阪港,21960
大阪狭山市,9483
大阪空港,17133
大阪阿部野橋,162589
大阪難波,169146
大阿太,104
大隅夏井,0
大隅大川原,0
大隅横川,0
大雄山,4986
大雲寺前,150
大須観音,19506
大館,1812
大高,8536
大鰐,160
大鰐温泉,422
大鳥居,28927
大鳥羽,200
大鶴,0
大麻,14218
大麻生,237
天ヶ瀬,0
天下茶屋,75834
天台,4379
天和,524
天塩中川,0
天塩川温泉,0
天応,1152
天拝山,5446
天文館通,3762
天橋立,408
天津,0
天満,52754
天満橋,88285
天満町,1668
天王,0
天王台,39004
天王宿,180
天王寺,292326
天王寺駅前,12185
天王洲アイル,42205
天王町,27313
天理,9838
天矢場,21
天神,148166
天神ノ森,127
天神南,30238
天神山,0
天神川,21102
天神橋筋六丁目,55636
天空橋,20774
天竜二俣,232
天竜峡,477
天竜川,5916
天童,2926
天童南,0
天見,336
天道,1130
太刀洗,260
太地,198
太子堂,7872
太子橋今市,12938
太宰府,12139
太市,796
太平,0
太東,976
太海,0
太田,11705
太田川,20593
太田部,0
太秦,9054
太秦天神川,18011
太秦広隆寺,1537
太美,0
太郎丸エンゼルランド,308
太郎坊宮前,140
夫婦石,47
奇跡の一本松,0
奈井江,0
奈半利,322
奈古,166
奈多,2228
奈良,36290
奈良井,136
奥中山高原,329
奥内,0
奥多摩,1868
奥大井湖上,79
奥新川,0
奥武山公園,4438
奥沢,14010
奥泉,57
奥洞海,670
奥津軽いまべつ,52
奥浜名湖,71
奥田,2456
奥田中学校前,366
奥町,4991
奥阿仁,1
女子大,282
女学院前,269
女川,444
女満別,0
女鹿,0
好摩,1764
妙典,53009
妙国寺前,243
妙寺,530
妙心寺,569
妙法寺,33816
妙興寺,2891
妙蓮寺,26102
妙見口,877
妙音通,4160
妙高高原,554
妹尾,6326
妹背牛,0
妻崎,44
妻鹿,2273
姉ヶ崎,20436
姉別,0
姥堂,0
姨捨,128
姪浜,99294
姫,913
姫宮,5215
姫島,14312
姫川,2
姫松,1957
姫路,103526
姶良,2006
婦中鵜坂,486
子供の国,0
子吉,26
子守唄の里高屋,192
子安,7775
孝子,116
学,456
学園前,51146
学園通り,1248
学園都市,37508
学文路,436
学校前,352
学田,0
学研北生駒,6419
学研奈良登美ヶ丘,14165
学習院下,1716
学芸大学,77850
学門,70
宇久井,126
宇佐,854
宇佐美,0
宇和島,2186
宇品三丁目,1809
宇品二丁目,1711
宇品五丁目,1386
宇品四丁目,1964
宇土,3856
宇多津,4494
宇多野,530
宇奈月,3800
宇奈月温泉,828
宇宿,2518
宇宿一丁目,690
宇島,3290
宇治,16824
宇治団地前,100
宇治山田,8650
宇田郷,18
宇美,3802
宇賀本郷,6
宇部,3566
宇部岬,412
宇部新川,1656
宇都井,0
宇都宮,76648
宇野,2618
宇野気,2588
宇野辺,7488
宇頭,3454
守内かさ神,0
守口,17308
守口市,31033
守山,34566
守山自衛隊前,2648
守恒,4836
守谷,50000
安中,3526
安中榛名,600
安倍川,9707
安和,24
安善,0
安国,0
安土,5172
安城,23248
安堂,2387
安塚,1181
安子ヶ島,0
安岡,1546
安平,0
安房勝山,574
安房天津,0
安房小湊,384
安房鴨川,2670
安曇川,3192
安曇沓掛,0
安曇追分,612
安来,1806
安東,8037
安栖里,28
安武,955
安比高原,0
安治川口,26214
安浦,1178
安牛,0
安田,738
安登,714
安積永盛,4952
安立町,1038
安芸,942
安芸中野,5890
安芸川尻,1522
安芸幸崎,452
安芸津,704
安芸矢口,3804
安芸長束,6136
安芸長浜,560
安芸阿賀,4672
安茂里,2112
安足間,0
安達,1574
安部,42
安部山公園,4708
安里,4684
安野屋,199
安針塚,4671
安食,5064
宍喰,21
宍戸,774
宍道,1170
宗吾参道,2757
宗太郎,0
宗道,213
定光寺,308
宝ヶ池,795
宝塚,59420
宝塚南口,11753
宝山寺,999
宝木,298
宝来町,344
宝殿,19444
宝永町,802
宝珠山,0
宝町,32982
宝積寺,4558
宝達,616
実籾,24299
室,647
室堂,3026
室生口大野,956
室蘭,1262
室見,16903
宮の坂,4807
宮の奥,87
宮の沢,29008
宮の陣,2107
宮ノ下,379
宮ノ前,3101
宮ノ平,0
宮ノ越,91
宮ヶ浜,0
宮之阪,5009
宮内,2100
宮内串戸,9614
宮前,3334
宮前平,51907
宮原,48558
宮口,227
宮古,910
宮地,0
宮城野原,12140
宮城野通,6522
宮守,0
宮山,0
宮島ボートレース場,0
宮島口,8618
宮崎,9914
宮崎台,50176
宮崎神宮,1058
宮崎空港,1854
宮川,556
宮木,1219
宮本武蔵,7
宮村,6
宮津,674
宮田,641
宮田町,912
宮町,1227
宮脇,600
宮越,0
宮野,748
家中,425
家久,129
家地川,4
家城,464
家山,258
家庭裁判所前,262
宿川原,9
宿戸,0
宿毛,413
宿河原,16446
宿院,668
寄居,7302
寄畑,29
富加,161
富原,50
富合,1230
富吉,5186
富士,15576
富士フイルム前,1309
富士宮,4788
富士山,1587
富士山下,85
富士岡,2241
富士川,2961
富士急ハイランド,1206
富士松,3478
富士根,903
富士見,1812
富士見ヶ丘,13958
富士見台,27936
富士見町,4150
富山,24540
富山大学前,2743
富山駅,5345
富岡,0
富岡前,965
富川,0
富戸,378
富木,7796
富根,0
富水,6796
富沢,15396
富浦,406
富海,376
富田,17318
富田林,13577
富田林西口,6537
富田浜,431
富良野,1190
富貴,2513
富野,34
富野荘,6307
富雄,28125
寒川,13876
寒河,354
寒河江,1810
寝屋川公園,8762
寝屋川市,52861
寸座,22
寺下,143
寺内,76
寺前,744
寺原,2018
寺地町,377
寺家,3734
寺尾,4192
寺庄,1514
寺本,3939
寺泊,320
寺田,8691
寺田町,34636
寺町,418
寿,335
将軍山,0
小中,14
小中野,0
小串,558
小串郷,0
小井川,453
小伝馬町,41132
小佐越,215
小佐野,92
小作,32594
小俣,746
小倉,71270
小倉台,3120
小内海,0
小出,1702
小前田,1045
小千谷,2556
小原,64
小友,0
小古曽,277
小台,3186
小和清水,16
小和田,7
小国,232
小坂井,909
小垣江,3846
小城,2100
小塙,0
小塩江,0
小天橋,62
小奴可,2
小室,4033
小宮,6100
小屋の畑,0
小屋平,0
小屋浦,746
小山,45442
小山田,0
小岩,132960
小岩井,888
小岩川,0
小島,106
小島新田,22743
小島谷,0
小川,29859
小川原,39
小川町,74725
小川郷,0
小布施,1658
小幌,0
小幡,13381
小幡緑地,983
小平,38780
小手指,48781
小月,3762
小木ノ城,0
小木津,5220
小本,3000
小机,20776
小杉,6456
小村井,11693
小村神社前,140
小松,8966
小松川,0
小林,14763
小柳,1038
小栗山,8
小梨,0
小森江,2892
小樽,18144
小樽築港,4878
小橋,201
小櫃,0
小歩危,10
小江,0
小池,947
小沢,0
小泉,2618
小泉町,400
小波渡,0
小波瀬西工大前,3786
小浜,1668
小浦,289
小海,372
小涌谷,382
小淵沢,3224
小渕,13
小湊,726
小滝,4
小牛田,4132
小牧,11278
小牧原,3700
小牧口,3405
小田,150
小田井,392
小田原,68520
小田急多摩センター,51315
小田急永山,31056
小田急相模原,57496
小田林,0
小田栄,0
小田渕,546
小町屋,1279
小砂川,0
小禄,7707
小竹,1382
小竹向原,339614
小篭通,31
小絹,2008
小網町,953
小繋,7
小舞子,532
小舟渡,14
小菅,6177
小見川,2450
小諸,6518
小谷松,3
小路,8580
小郡,1021
小野,7381
小野上,0
小野上温泉,0
小野屋,702
小野新町,780
小野田,2622
小野田港,166
小野町,826
小金井,8388
小金城趾,1721
小金沢,0
小針,5188
小長井,0
小高,0
小鳥谷,98
小鶴新田,12572
少路,13106
尺別,0
尺土,4348
尻手,29774
尼ヶ坂,3839
尼ヶ辻,4738
尼子,240
尼崎,91854
尼崎センタープール前,9320
尾上の松,3219
尾上高校前,84
尾久,20000
尾奈,74
尾山台,30594
尾崎,10428
尾幌,0
尾張一宮,54139
尾張旭,7979
尾張星の宮,485
尾張森岡,1286
尾張横須賀,5505
尾張瀬戸,8541
尾登,0
尾白内,0
尾盛,1
尾道,11174
尾関山,0
尾頭橋,7490
尾鷲,758
居組,16
居能,372
屋代,4265
屋代高校前,1961
屋島,1238
屏風浦,18233
山の田,101
山の街,3969
山ノ内,1028
山ノ目,0
山上,706
山下,9349
山中渓,358
山之口,0
山前,0
山北,1115
山口,3378
山口団地,20
山名,129
山吹,136
山城,893
山城多賀,896
山城青谷,1844
山家,44
山寺,1062
山岡,128
山岸,0
山崎,11882
山川,0
山形,21456
山手,35184
山方宿,206
山本,16904
山東,68
山梨市,3472
山河内,16
山瀬,208
山王,7261
山田,23858
山田上口,240
山田川,4280
山田西町,506
山科,69926
山西,2346
山谷,59
山越,0
山部,0
山郷,4
山都,374
山門,732
山陽垂水,9888
山陽塩屋,1202
山陽天満,1857
山陽女学園前,2893
山陽姫路,24079
山陽明石,26002
山陽曽根,2738
山陽網干,3549
山陽須磨,2607
山陽魚住,2027
山隈,228
山麓,706
山鼻19条,942
山鼻9条,1406
岐南,2018
岐波,418
岐阜,64243
岐阜羽島,5588
岡,93
岡地,100
岡場,9396
岡寺,1367
岡山,138650
岡山駅前,7281
岡崎,48153
岡崎公園前,4970
岡崎前,922
岡本,28105
岡田,970
岡田浦,2475
岡町,16895
岡花,114
岡見,68
岡谷,6504
岡部,6302
岩ノ下,0
岩井,526
岩代,148
岩代清水,862
岩倉,24486
岩出,3782
岩出山,0
岩切,9220
岩原,1493
岩原スキー場前,0
岩国,11382
岩城みなと,202
岩塚,17722
岩室,0
岩宿,2502
岩屋,11413
岩屋橋,2900
岩山,14
岩峅寺,393
岩島,0
岩手上郷,0
岩手二日町,0
岩手刈屋,0
岩手和井内,0
岩手大川,0
岩手川口,269
岩手船越,98
岩手飯岡,4682
岩本,0
岩本町,55446
岩村,209
岩村田,2628
岩松,0
岩根橋,0
岩槻,36935
岩水寺,94
岩沢,0
岩沼,14186
岩泉,0
岩泉小本,133
岩波,4189
岩滝口,44
岩瀬,2020
岩瀬浜,691
岩田,768
岩美,762
岩舟,0
岩船町,0
岩見沢,9124
岩野,0
岩野目,0
岩間,2720
岩館,0
岩鼻,522
岳南原田,251
岳南富士岡,337
岳南江尾,167
岸和田,23549
岸本,216
岸根公園,11884
岸辺,37852
岸里,16849
岸里玉出,7210
峠,0
峠下,0
峰吉川,134
峰山,246
峰延,0
島ノ下,0
島ノ関,1966
島ヶ原,226
島内,0
島原,850
島原港,153
島原船津,58
島尾,410
島本,14072
島松,3968
島氏永,2008
島田,11074
島越,30
島高松,0
崇城大学前,2834
崇禅寺,5828
崇福寺,1100
崎守,0
崎山,42
崎平,14
嵐山,9553
嵐電天神川,4779
嵐電嵯峨,1674
嵯峨嵐山,16850
巌根,3510
川中島,3200
川之江,1206
川井,0
川俣,2895
川倉,9
川内,6956
川前,0
川南,0
川原湯温泉,42
川原町,1800
川原石,992
川口,169062
川口元郷,20800
川合高岡,987
川名,12200
川和町,8480
川奈,1436
川宮,1243
川尻,1902
川岸,0
川島,1578
川崎,429202
川崎大師,18231
川崎新町,5640
川平,0
川戸,0
川村,995
川東,347
川根両国,8
川根小山,3
川根温泉笹間渡,53
川桁,0
川棚,1754
川棚温泉,784
川治温泉,48
川治湯元,134
川添,153
川渡温泉,0
川湯温泉,0
川田,180
川端,0
川西,3830
川西池田,39190
川西能勢口,57944
川角,14584
川越,124534
川越富洲原,6257
川越市,47600
川跡,435
川路,252
川辺,28
川辺宿,189
川辺沖,0
川部,570
川間,17065
巣子,1001
巣鴨,154398
巣鴨新田,1180
工学部前,567
工業団地,20
工業高校前,0
工機前,35
左京山,4753
左堰,0
左沢,622
左石,1012
左通,3
巻,4682
巻向,706
巽ヶ丘,6221
市が尾,43403
市ノ川,0
市ノ瀬,7
市ヶ谷,150922
市原,766
市坪,592
市城,0
市場,392
市場前,11393
市塙,119
市大医学部,11397
市尾,441
市岡,16
市島,448
市川,122836
市川塩浜,16272
市川大野,23962
市川大門,902
市川本町,488
市川真間,7258
市布,0
市役所,43318
市役所前,5185
市振,80
市来,668
市棚,0
市民会館,3000
市民公園前,439
市民広場,14859
市民病院前,72
市波,30
市田,781
市立体育館前（県庁通）,1040
市立病院前,1897
市辺,190
市部,179
布佐,6658
布原,2
布崎,131
布市,256
布師田,188
布忍,5057
布施,39370
布施屋,706
布田,16784
布袋,8869
布部,0
希望が丘高校前,879
希望ヶ丘,34405
帖佐,3244
帝塚山,7981
帝塚山三丁目,1672
帝塚山四丁目,1088
帯広,3184
帯織,0
帯解,922
帷子ノ辻,3476
常山,870
常永,883
常滑,11715
常澄,725
常盤,1436
常盤平,18988
常葉大学前,55
常陸多賀,13688
常陸大子,600
常陸大宮,1842
常陸太田,2410
常陸津田,0
常陸青柳,0
常陸鴻巣,0
幌別,1448
幌南小学校前,1567
幌向,2274
幌平橋,10070
幌延,58
幌糠,0
幕別,0
幕張,32176
幕張本郷,59592
幡ヶ谷,32604
幡屋,68
幡生,5110
干拓の里,112
干潟,1730
平井,67358
平倉,0
平内,0
平原,178
平和,5608
平和公園,3400
平和台,44374
平和島,48639
平和通,6665
平和通一丁目,338
平城,3045
平城山,2584
平塚,123614
平子,8
平安通,12544
平山,0
平山城址公園,8402
平岡,91
平岩,4
平岸,16778
平川,1872
平成,2398
平戸橋,1739
平木,359
平木田,0
平松,1112
平林,4968
平沼橋,8926
平泉,874
平津,366
平津戸,0
平滝,6
平田,3076
平田町,5467
平石,0
平磯,205
平福,13
平端,4341
平群,2979
平賀,432
平野,22122
平針,16956
平間,29558
平館,0
幸,383
幸崎,610
幸手,13574
幸浦,5617
幸田,8431
幸谷,4533
幾寅,0
広,7280
広丘,5444
広原,0
広域公園前,3063
広大附属学校前,1888
広小路,148
広尾,62588
広島,154084
広島港（宇品）,2457
広島駅,32791
広川ビーチ,392
広戸,0
広木,1986
広瀬通,21290
広田,0
広畑,1685
広神戸,848
広貫堂前,330
広野,2384
広野ゴルフ場前,656
広電五日市,7313
広電宮島口,6349
広電廿日市,3544
広電本社前,3125
広電西広島（己斐）,11128
広電阿品,3034
庄内,28243
庄内緑地公園,8778
庄内通,14880
庄川口,29
床波,718
庚申塚,2450
府中,88769
府中本町,34978
府中競馬正門前,2922
府屋,172
座間,20833
庭坂,0
庭瀬,8682
庶路,0
延岡,2354
延徳,289
延方,0
建部,348
廿日市,8128
廿日市市役所前（平良）,3055
弁天島,1501
弁天橋,0
弁天町,68978
式敷,0
弓ヶ浜,652
弓削,392
引治,0
引田,468
弘前,8994
弘前学院大前,114
弘前東高前,115
弘明寺,29663
弘高下,43
弥五島,55
弥刀,10299
弥富,6224
弥彦,424
弥生,622
弥生が丘,2448
弥生台,15055
強羅,4549
当別,4640
当麻,0
当麻寺,1324
形原,921
彦山,0
彦崎,564
彦根,20978
彦根口,440
彩都西,10848
彫刻の森,636
影森,472
影野,36
彼杵,610
後三年,0
後免,6223
後免中町,106
後免東町,176
後免町,921
後免西町,278
後台,0
後楽園,106481
後潟,0
後藤,838
後閑,0
御井,0
御代志,724
御代田,1600
御厨,183
御器所,23360
御坊,3360
御堂,58
御室仁和寺,631
御宿,1128
御岳堂,0
御岳山,576
御崎,0
御崎公園,6874
御嵩,1281
御嵩口,265
御嶽,0
御嶽山,27248
御幣島,27094
御幸橋,1253
御幸辻,2709
御影,27313
御徒町,141074
御成門,52228
御所,1154
御来屋,210
御殿場,9896
御殿山,11454
御油,633
御着,5800
御花畑,2578
御茶ノ水,211780
御門台,2883
御陵,14766
御陵前,414
御領,93
徳丸,21
徳佐,142
徳力公団前,4410
徳力嵐山口,3125
徳和,825
徳宿,71
徳山,15084
徳島,16178
徳庵,21358
徳永,24
徳沢,0
徳満,0
徳田,680
徳益,209
徳重,20854
徳重・名古屋芸大,10832
心斎橋,154264
心臓血管センター,58
忍ヶ丘,17566
忍海,1525
志久,3926
志井,2335
志井公園,1720
志和口,486
志和地,66
志布志,0
志度,1948
志摩横山,174
志摩磯部,812
志摩神明,307
志摩赤崎,400
志文,0
志木,104698
志村三丁目,32536
志村坂上,30924
志染,3049
志比堺,37
志津,15716
志津川,0
志紀,21050
志茂,13794
志貴野中学校前,168
志賀,2126
志賀本通,14582
志都美,3960
忠岡,9337
忠海,992
思川,0
思案橋,1400
急患医療センター前,55
恋し浜,11
恋ヶ窪,12851
恋山形,4
恩智,5316
恩根内,0
恩田,827
恵み野,6414
恵庭,14758
恵我ノ荘,10677
恵比寿,295398
恵比島,0
恵比須,975
恵美須町,21496
恵良,0
恵那,6189
愛し野,0
愛・地球博記念公園,4739
愛別,0
愛大医学部南口,1316
愛子,8368
愛宕,9928
愛宕橋,5188
愛山,0
愛本,235
愛環梅坪,1932
愛甲石田,54602
愛知大学前,5112
愛知川,350
愛知御津,2750
愛野,6715
感田,352
慈眼寺,3054
慶徳校前,719
成城学園前,88692
成増,58587
成岩,2167
成島,982
成東,5692
成瀬,38366
成田,32394
成田湯川,1526
成田空港,27303
我孫子,63168
我孫子前,8563
我孫子町,12298
我孫子道,2575
戸倉,2224
戸出,1704
戸坂,3180
戸塚,225212
戸塚安行,16400
戸手,612
戸沢,1
戸狩野沢温泉,300
戸田,41822
戸田公園,69888
戸田小浜,18
戸畑,19242
戸綿,288
戸越,22712
戸越公園,13681
戸越銀座,20468
戸部,16841
戸頭,4347
房前,98
所木,0
所沢,102368
扇大橋,10144
扇沢,0
扇田,0
扇町,16728
手ノ子,0
手力,1619
手原,6138
手柄,2032
手樽,0
手稲,30546
打井川,0
打保,14
打出,15925
打田,1172
打越,85
払川,57
扶桑,6799
折原,0
折口,201
折壁,0
折尾,30856
折居,16
折本,39
折渡,0
折生迫,0
抜海,0
抜里,19
押上,225293
押切,0
押角,0
押部谷,960
押野,67
拓北,5106
拝島,60860
持田,913
指宿,1352
指扇,22068
挿頭丘,374
掖上,258
掛川,22659
掛川市役所前,169
掛澗,0
採銅所,0
接岨峡温泉,69
揖屋,1476
揖斐,1405
摂待,13
摂津,5374
摂津富田,40340
摂津市,11527
摂津本山,44056
摩周,112
摩耶,11570
摩耶ケーブル,639
摺沢,482
撫牛子,0
撫養,444
播州赤穂,8160
播磨,395
播磨下里,92
播磨徳久,182
播磨新宮,2492
播磨横田,56
播磨町,3763
播磨高岡,3462
撮影所前,623
放出,34108
教会前,88
教育大前,4652
敦賀,6748
敬川,48
整備場,2336
敷地,52
敷島,0
敷戸,2132
敷浪,372
文の里,10191
文化の森,302
文挟,0
文珠通,1016
斎宮,1372
斗米,136
斗賀野,246
新さっぽろ,41162
新ノ口,4029
新三河島,6031
新三田,27982
新三郷,32160
新上挙母,1639
新下関,9868
新中川町,2800
新中野,36488
新丸子,27539
新井,1946
新井口,16376
新井宿,11700
新井薬師前,22176
新今宮,132576
新今宮駅前,668
新代田,9619
新伊丹,6864
新伊勢崎,1310
新倉敷,15460
新入,740
新八代,4140
新八日市,490
新八柱,49906
新冠,0
新函館北斗,1308
新利府,0
新前橋,12474
新加納,1547
新加美,4902
新十津川,0
新千歳空港,35420
新千葉,2025
新南陽,2604
新原,0
新取手,1962
新古河,1631
新可児,5295
新吉久,35
新吉野,0
新在家,11523
新地,562
新地中華街,5600
新城,1334
新堂,390
新夕張,50
新大久保,102876
新大塚,25868
新大宮,28890
新大工町,3100
新大平下,2722
新大楽毛,0
新大津,6797
新大牟田,1216
新大阪,159028
新子安,47684
新守山,16466
新守谷,3079
新安城,24413
新宮,1840
新宮中央,10202
新宮川,106
新家,5412
新宿,1578732
新宿三丁目,165247
新宿御苑前,54912
新宿西口,61649
新富士,9324
新富山口,0
新富町,43838
新小岩,154408
新小平,22978
新小金井,4041
新尾道,2180
新居,93
新居浜,3896
新居町,4297
新屋,1842
新屋敷,814
新山口,15748
新岩国,1984
新島々,624
新崎,2666
新川,6516
新川崎,58814
新川橋,828
新川町,1301
新市,866
新平野,150
新広,7058
新庄,2786
新庄田中,170
新庚申塚,2649
新府,0
新座,42008
新得,442
新御徒町,57712
新御茶ノ水,96949
新所原,8256
新所沢,54822
新改,0
新整備場,5248
新日本橋,38658
新日鉄前,2080
新旭,2258
新旭川,0
新月,0
新木,5816
新木場,158322
新木屋瀬,219
新木曽川,6411
新札幌,28842
新杉田,75564
新村,263
新松戸,78650
新松田,22946
新板橋,30233
新柏,20417
新柴又,4862
新栃木,4163
新栄町,30148
新桐生,2132
新桜台,9923
新森古市,7221
新検見川,46092
新横浜,131536
新橋,563942
新正,1744
新水俣,1072
新水前寺,9404
新水前寺駅前,4826
新江古田,30008
新河岸,25833
新治,1280
新津,8530
新津田沼,68731
新浜松,16535
新浦安,114516
新深江,12832
新清水,6429
新清洲,8331
新潟,74944
新潟大学前,5982
新瀬戸,10893
新狭山,20559
新玉名,1204
新王寺,7152
新琴似,8158
新瑞橋,26878
新田,31295
新田原,1748
新田塚,519
新田老,0
新田辺,24474
新田野,14
新町,7506
新町口,75
新疋田,50
新発田,7130
新白岡,14020
新白島,23648
新白河,6058
新百合ヶ丘,128155
新相ノ木,145
新石切,18240
新祝園,14793
新神戸,46476
新福井,38
新福島,20860
新秋津,77820
新羽,21430
新羽島,2694
新習志野,27122
新能町,38
新舞子,5992
新船橋,13943
新芝浦,0
新花巻,1876
新茂原,2466
新蒲原,2849
新藤原,1577
新西大寺町筋,164
新西脇,14
新西金沢,1022
新見,1466
新谷,158
新豊橋,17989
新豊津,254
新豊洲,6796
新豊田,15694
新越谷,151316
新道東,15954
新那加,3194
新郷,305
新里,371
新野,1068
新金岡,21512
新金谷,684
新鉾田,1479
新鎌ヶ谷,41145
新長田,61290
新開地,23717
新関,0
新青森,7866
新静岡,19363
新須屋,627
新飯塚,8986
新馬場,16979
新高円寺,38044
新高岡,4082
新高島,7039
新高島平,10000
新高徳,335
新魚津,1519
新鳥栖,3282
新鵜沼,11033
新鶴,0
新鶴羽,19
新鹿,93
新鹿沼,3379
新黒部,348
方南町,39769
方谷,30
於札内,0
於福,60
旅伏,145
旗の台,40276
日の出,2322
日ノ出町,28487
日下,296
日代,0
日光,2204
日出,1016
日出塩,13
日出谷,0
日切,17
日前宮,669
日南,0
日原,66
日吉,206301
日吉本町,16738
日吉町,1493
日向,1848
日向住吉,1772
日向前田,0
日向北方,0
日向和田,0
日向大束,0
日向市,2658
日向庄内,0
日向新富,0
日向沓掛,0
日向長井,0
日和佐,286
日和田,0
日奈久温泉,78
日宇,836
日岡,1270
日当,5
日当山,0
日御子,194
日暮里,230184
日本へそ公園,16
日本ライン今渡,3083
日本大通り,27025
日本橋,199797
日根野,17632
日比谷,116808
日比野,18690
日永,979
日生,630
日生中央,10623
日田,1300
日登,8
日立,22350
日立木,0
日羽,166
日華化学前,280
日詰,1030
日赤病院前,2350
日進,27380
日野,54514
日野春,1182
日長,453
日高三石,0
日高幌別,0
日高東別,0
日高門別,0
旦過,3671
旧居留地・大丸前,4022
旧白滝,0
早口,202
早岐,3370
早島,2434
早川,2704
早戸,0
早月加積,112
早来,0
早瀬,18
早稲田,81284
早通,2128
早雲の里荏原,209
早雲山,2663
旭,3580
旭ヶ丘,14356
旭前,6281
旭川,9694
旭川四条,0
旭橋,8749
旭町一丁目,347
旭町三丁目,967
旭駅前通,1097
昆布,0
昆布盛,0
明塚,0
明大前,110961
明峰,1064
明戸,286
明星,1310
明智,913
明治神宮前,111354
明石,106972
明神,217
明科,2074
明見橋,93
明覚,0
明野,2061
星ヶ丘,52542
星川,28302
星田,16290
星置,11860
春日,131857
春日井,31666
春日原,22379
春日居町,0
春日山,1576
春日川,566
春日町,1844
春日部,71071
春日野道,16017
春木,14722
春木場,0
春江,2206
春田,7519
春立,0
春賀,28
昭和,0
昭和島,6569
昭和橋,602
昭和町,24311
昭和町通,800
昭島,52516
是政,7838
時又,200
時庭,10
晩生内,0
普代,198
晴山,0
智北,0
智恵文,0
智頭,2614
暁学園前,3216
暘谷,1732
曙橋,39245
曙町,95
曙町東町,100
曲沢,1
曳舟,29498
曳馬,2671
曽山寺,0
曽根,24131
曽根田,803
曽波神,0
曽谷,60
替佐,242
最上,286
最知,0
月ヶ岡,0
月ヶ瀬口,232
月寒中央,18470
月岡,116
月島,77166
月崎,15
月江寺,587
月田,108
月見山,4800
有井,105
有井川,10
有佐,1856
有備館,0
有壁,0
有家,0
有岡,81
有峰口,86
有年,492
有戸,0
有明,5818
有明テニスの森,5022
有明湯江,110
有松,14999
有栖川,2160
有楽町,346006
有珠,0
有田,1676
有畑,0
有間川,26
有馬口,889
有馬温泉,3384
服部,1656
服部天神,23920
服部川,2043
朝倉,7171
朝倉神社前,47
朝倉街道,13284
朝倉駅前,174
朝地,0
朝日,1394
朝日ヶ丘,182
朝日大塚,90
朝日通,1418
朝日野,30
朝来,448
朝潮橋,21174
朝熊,132
朝菜町,106
朝里,0
朝陽,2181
朝霞,69779
朝霞台,161762
朝霧,30946
木ノ下,863
木ノ本,1292
木上,11
木下,4148
木与,2
木古内,120
木場,77866
木場茶屋,0
木太東口,1014
木太町,762
木尾,11
木屋瀬,760
木屋町,646
木岐,38
木崎,2470
木幡,5480
木戸,0
木更津,27692
木曽川,8599
木曽川堤,720
木曽平沢,91
木曽福島,1394
木次,256
木津,9960
木津川,141
木津川台,2388
木津用水,2169
木田,7033
木知原,23
木花,732
木葉,770
木見,378
木路原,0
木造,358
木野,393
木野山,58
末広,0
末広町,26689
末恒,972
末続,0
末野原,2567
本中小屋,0
本中野,963
本俣賀,4
本八幡,120250
本八戸,2314
本千葉,23210
本厚木,151791
本吉,0
本吉原,318
本名,0
本城,2242
本塩釜,5764
本妙寺入口,454
本宮,3594
本宿,6435
本山,31452
本川内,0
本川町,1942
本川越,53230
本巣,120
本庄,19944
本庄早稲田,4556
本所吾妻橋,19630
本星崎,4446
本桐,0
本楯,0
本津幡,814
本牟田部,0
本由良,548
本町,219137
本町一丁目,0
本町三丁目,76
本町五丁目,76
本町六丁目,981
本町四丁目,72
本石倉,0
本竜野,3890
本笠寺,4707
本納,3280
本荘,122
本蓮沼,26019
本諫早（諫早市役所前）,1068
本輪西,0
本通,23018
本郷,22370
本郷三丁目,56671
本郷台,37546
本銚子,77
本長篠,519
本陣,16972
本駒込,22933
本鵠沼,13938
本黒田,68
札内,0
札幌,196244
札弦,0
札木,338
札比内,0
札的,0
札苅,10
朱文別,0
朽網,4552
杁ヶ池公園,3107
杉並町,752
杉原,1
杉塘,232
杉山,521
杉崎,50
杉戸高野台,11512
杉本町,18312
杉河内,0
杉田,33761
村上,6030
村井,4028
村山,2016
村崎野,1972
村野,4541
杜せきのした,3556
来宮,0
来待,254
来迎寺,1124
杭瀬,8796
東あずま,8061
東一身田,141
東三国,36698
東三日市,362
東三条,5408
東上,318
東下条,0
東中央町,201
東中山,6807
東中津,0
東中神,14378
東中野,82468
東中間,637
東久根別,120
東久留米,54968
東二見,7034
東京,934330
東京テレポート,67379
東京ディズニーシー･ステーション,47921
東京ディズニーランド･ステーション,19123
東京ビッグサイト,16690
東京国際クルーズターミナル,3191
東仙台,7256
東伏見,24951
東佐野,2556
東光寺,0
東免田,48
東八尾,80
東八森,0
東八町,724
東六線,0
東刈谷,10974
東別府,0
東別院,15476
東加古川,27640
東北沢,7335
東北福祉大前,7290
東区役所前,17486
東十条,48540
東千葉,5136
東名,0
東名古屋港,5386
東向島,20442
東向日,13261
東吾野,456
東員,859
東唐津,1700
東園,0
東垂水,1315
東城,22
東塩釜,4694
東多久,0
東多良木,51
東大前,29051
東大和市,25177
東大垣,118
東大宮,66702
東大島,32240
東大崎,0
東大手,4115
東大更,0
東大館,0
東天下茶屋,1662
東姫路,2826
東室蘭,3666
東宮原,4925
東宿毛,24
東富山,2922
東富岡,212
東寺,9285
東小泉,1517
東小浜,670
東小諸,0
東小金井,63106
東尾久三丁目,1563
東尾道,4162
東屋代,0
東屯田通,1982
東山,20061
東山・おかでんミュージアム,2796
東山代,54
東山公園,15974
東山北,1681
東山梨,0
東山田,10485
東岡山,7948
東岡崎,39249
東岩槻,20454
東岩瀬,363
東岸和田,22644
東川口,73246
東工業前,130
東市来,682
東幡豆,382
東広島,2820
東府中,21274
東成岩,1188
東成田,1796
東我孫子,0
東戸塚,118658
東所沢,31064
東新宿,43747
東新川,918
東新庄,978
東新木,300
東新津,0
東新湊,31
東新潟,3538
東新町,1025
東日本橋,84888
東旭川,0
東本願寺前,888
東札幌,22430
東村山,48934
東松原,18499
東松山,28778
東松戸,41470
東松江,947
東松阪,2119
東枇杷島,5815
東林間,22006
東柏崎,0
東栄,133
東根,0
東根室,0
東桂,437
東梅田,167712
東森,0
東横田,0
東武ワールドスクウェア,298
東武動物公園,31354
東武和泉,969
東武宇都宮,9604
東武日光,3104
東武竹沢,877
東武練馬,60574
東武金崎,545
東比恵,23720
東毛呂,5637
東水巻,814
東水戸,150
東池袋,44120
東池袋四丁目,3743
東津山,232
東浜,54
東浦,3794
東浦和,58078
東浪見,0
東海,10142
東海大学前,38909
東海学園前,3496
東海神,8531
東海通,14922
東淀川,15804
東清川,0
東湊,858
東滑川,376
東滝川,0
東照宮,6892
東犀川三四郎,51
東玉出,60
東甘木,381
東生駒,17682
東田,511
東田坂上,1533
東田子の浦,2659
東田平,8
東町,0
東白楽,15031
東白石,0
東相内,0
東矢本,0
東石黒,50
東神奈川,74756
東福寺,19906
東福山,8822
東福島,1364
東福生,0
東福間,4958
東秋留,9438
東粉浜,73
東結城,0
東総元,3
東総社,1864
東美浜,70
東羽衣,10562
東能代,1000
東舞鶴,3110
東船岡,152
東船橋,40464
東花園,19107
東花輪,1401
東萩,434
東葉勝田台,31911
東藤原,110
東藤島,113
東行田,2352
東觜崎,846
東諫早,0
東貝塚,5050
東赤坂,346
東追分,0
東逗子,10140
東郡家,140
東部市場前,15976
東郷,10406
東都筑,80
東都農,0
東酒田,0
東野,12126
東野尻,288
東金,8476
東金井,0
東金沢,6292
東釧路,0
東銀座,91855
東長原,0
東長崎,27613
東長沢,0
東門前,13062
東開聞,0
東陽町,122629
東雲,14673
東青原,16
東青山,37
東青梅,13114
東青森,1324
東静内,0
東静岡,16801
東須磨,2722
東飯能,11356
東館,160
東高円寺,35987
東高崎,0
東高須,1850
東鳴尾,2165
東鷲宮,19932
東鹿越,0
杵築,1630
松が谷,2713
松ノ浜,3939
松ノ馬場,1399
松ヶ崎,11593
松ヶ浦,0
松下,66
松丸,114
松久,0
松井山手,14236
松井田,0
松代,0
松任,7516
松倉,0
松前,1039
松原,3740
松原湖,0
松塚,1362
松尾,1878
松尾八幡平,0
松尾大社,5174
松尾寺,68
松屋町,10115
松山,13742
松山市,19707
松山市駅,8012
松山町,1184
松岡,363
松岩,0
松岸,914
松島,1658
松島二丁目,588
松島海岸,2328
松崎,416
松川,2238
松戸,199818
松戸新田,6681
松木平,10
松本,37281
松森,72
松橋,3446
松永,9602
松江,8374
松江しんじ湖温泉,1848
松江イングリッシュガーデン前,110
松江フォーゲルパーク,62
松浦,421
松浦発電所前,38
松田,6470
松田町,73
松神,0
松草,0
松葉,117
松虫,1063
松阪,16279
松陰神社前,11448
松風町,1129
松飛台,5185
板倉東洋大前,3819
板宿,26136
板持,22
板東,374
板柳,0
板橋,68910
板橋区役所前,35277
板橋本町,36282
板荷,87
板谷,0
板野,898
枇杷島,9155
枕崎,0
林,42
林崎,0
林崎松江海岸,4537
林道,1975
林野,232
林間田園都市,7945
枚岡,4799
枚方公園,17919
枚方市,80389
枝光,5908
枝川,716
枡形,649
柏,252552
柏たなか,13600
柏の葉キャンパス,36100
柏原,28289
柏原南口,971
柏崎,3314
柏木平,0
柏木町,975
柏林台,0
柏森,11229
柏矢町,1012
柏農高校前,93
柏陽,0
柘植,616
柚木,3133
柚須,8444
柱野,66
柳,261
柳ヶ浦,1212
柳井,3704
柳井港,486
柳原,1199
柳小路,2714
柳川,470
柳本,1186
柳橋,0
柳沢,0
柳津,4199
柳瀬,5
柳瀬川,20264
柳生,1196
柳生橋,1266
柳田,0
柴原阪大前,10087
柴又,9631
柴宿,0
柴山,146
柴島,4602
柴崎,18042
柴崎体育館,4361
柴平,0
柴橋,0
柴田,4541
柿ケ島,0
柿ノ木,0
柿下温泉口,43
柿崎,988
柿平,1
柿生,37634
栂・美木多,19558
栃原,235
栃屋,77
栃木,11449
栄,219802
栄生,13664
栄町,42090
栗丘,0
栗山,0
栗平,24606
栗東,23952
栗林,2246
栗林公園,3456
栗林公園北口,842
栗橋,25076
栗沢,0
栗熊,587
栗田,174
栗野,0
栢山,8589
根室,176
根小屋,149
根岸,43896
根府川,0
根本,2515
根津,29579
根知,6
根笠,8
根雨,368
桂,45103
桂台,0
桂岡,0
桂川,31750
桂根,0
桂瀬,24
桃内,0
桃園,503
桃山,4194
桃山南口,4592
桃山台,39902
桃山御陵前,15214
桃川,0
桃谷,36280
桐原,2134
桐生,7760
桐生球場前,127
桑名,32272
桑名川,0
桑園,21154
桑川,0
桑折,1262
桑町,273
桑野,192
桔梗,536
桔梗が丘,5492
桜,4077
桜ノ宮,35100
桜ヶ丘,20242
桜上水,38001
桜井,16229
桜台,14889
桜坂,3811
桜山,25380
桜岡,0
桜島,27788
桜島桟橋通,1461
桜川,15917
桜新町,73288
桜木,3621
桜木町,142320
桜本町,8112
桜橋,4697
桜水,635
桜沢,907
桜田門,13456
桜町,1700
桜町前,3613
桜街道,7063
桟橋車庫前,520
桟橋通一丁目,544
桟橋通三丁目,794
桟橋通二丁目,260
桟橋通五丁目,197
桟橋通四丁目,353
桶川,52968
梁川,446
梁瀬,270
梅の辻,542
梅ヶ丘,34064
梅ヶ峠,190
梅ヶ沢,0
梅ヶ谷,33
梅坪,6674
梅小路京都西,4828
梅屋敷,16504
梅山,313
梅島,36020
梅戸井,250
梅本,1597
梅林,3342
梅津寺,337
梅田,442297
梅迫,128
梅郷,17015
梓橋,1020
梨郷,18
梶が谷,39850
梶原,2628
梶屋敷,92
梶栗郷台地,676
梶田,10
棚倉,1104
棚方,195
森,736
森ノ宮,49924
森上,3062
森下,151356
森口,568
森宮野原,68
森小路,8238
森山,154
森岳,362
森本,3294
森林公園,14284
森田,1866
森町病院前,88
森石,0
椋野,16
植大,1480
植木,1396
植村,0
植松,370
植田,17560
植苗,0
椎名町,20649
椎柴,0
椎田,1652
検見川,4050
検見川浜,31368
椥辻,17084
椿,30
楚原,1214
楠,1562
楠久,83
楠橋,530
楡原,68
楡木,254
楢原,50
楯山,0
極楽,65
極楽寺,1764
極楽橋,56
楽々園,7038
楽田,3708
榊原温泉口,923
榎井,261
榎原,0
榎戸,4166
榎町,384
榛原,8833
榴ヶ岡,6590
様似,0
槻木,5686
樅山,546
樋口,219
樋越,227
標茶,264
樟葉,53290
権堂,2518
権現前,66
横倉,28
横堀,240
横堤,18092
横尾,1802
横屋,56
横山,3708
横川,34048
横川一丁目,1033
横川目,0
横川駅,7104
横手,2494
横江,54
横河原,1338
横浜,847302
横瀬,1712
横田,358
横磯,0
横芝,2782
横間,0
横須賀,10480
横須賀中央,68092
樫山,470
樽井,7949
樽見,58
橋本,132272
橿原神宮前,17815
橿原神宮西口,2124
櫛ヶ浜,1850
櫛原,1064
櫛田,1237
櫟本,1798
欅平,2600
次郎丸,6275
欽明路,86
歌内,0
歌津,0
歓遊舎ひこさん,0
止別,0
正丸,194
正雀,15972
武並,911
武之橋,633
武佐,260
武川,947
武州中川,241
武州唐沢,2978
武州日野,204
武州荒木,354
武州長瀬,4353
武庫,58
武庫之荘,49963
武庫川,29372
武庫川団地前,7799
武志,73
武生,4660
武田尾,1190
武蔵中原,70120
武蔵五日市,8752
武蔵塚,4508
武蔵境,137970
武蔵増戸,5168
武蔵大和,7389
武蔵小山,53193
武蔵小杉,261504
武蔵小金井,125156
武蔵嵐山,7287
武蔵引田,6204
武蔵新城,74664
武蔵新田,27182
武蔵横手,295
武蔵浦和,107926
武蔵溝ノ口,172692
武蔵白石,0
武蔵砂川,12255
武蔵藤沢,24182
武蔵野台,26232
武蔵関,32351
武蔵高萩,6752
武豊,1394
武里,15804
武雄温泉,3398
段,0
段原一丁目,596
段山町,558
殿山,140
母恋,0
母野,2
比叡山坂本,11260
比土,23
比地大,240
比奈,122
比婆山,4
比島,1
比布,0
比延,26
比治山下,646
比治山橋,881
比津,10
比立内,21
比羅夫,0
比良,3088
毘沙門,4
毘沙門台,4075
毛呂,1430
毛賀,191
氏家,6430
気仙沼,392
気山,618
気賀,143
水上,728
水俣,360
水前寺,6930
水前寺公園,1323
水原,1534
水口,350
水口城南,540
水口松尾,60
水口石橋,60
水城,4190
水天宮前,84016
水尻,144
水居,56
水島,1280
水巻,4134
水成川,0
水戸,63745
水族館口,1026
水橋,1974
水沢,3718
水沢江刺,2006
水沼,98
水海道,2969
水無瀬,9572
水田,1246
水窪,75
水落,176
水道橋,166716
水道町,3679
水郷,0
水野,5115
水間観音,1434
水鳥,9
氷川台,41073
氷見,1522
永原,204
永和,2561
永尾,0
永山,968
永平寺口,389
永犬丸,1183
永田,2054
永田町,91240
永福町,33308
永覚,628
求名,4026
汐ノ宮,2190
汐入,18162
汐留,53734
汐見,0
汐見橋,647
江の浦,328
江ノ島,10097
江井ヶ島,3717
江住,24
江別,7238
江北,10912
江南,26888
江原,1118
江口,202
江古田,35267
江吉良,1457
江坂,106876
江尻,142
江尾,118
江島,131
江崎,56
江川崎,38
江差,0
江平,0
江戸川,6264
江戸川台,24035
江戸川橋,53897
江戸橋,7923
江曽島,2102
江木,249
江波,1703
江津,684
江津本町,0
江田,37417
江端,104
江見,0
江迎鹿町,547
江部乙,0
江釣子,0
池の浦,925
池の浦シーサイド,0
池ノ上,9466
池上,36564
池下,27468
池場,9
池尻,0
池尻大橋,63364
池戸,488
池月,0
池田,46169
池田園,0
池袋,1133988
池谷,138
池部,1186
池野,754
沓掛,20
沖松島,752
沢,724
沢ノ町,8328
沢中山,72
沢井,0
沢入,29
沢尻,0
沢渡,917
沢田,0
沢目,0
沢良宜,3679
沢谷,0
沢間,1
河佐,32
河内,808
河内国分,16458
河内堅上,726
河内天美,16958
河内小阪,26959
河内山本,20281
河内松原,29976
河内森,8653
河内永和,10987
河内磐船,22138
河内花園,10987
河内長野,26892
河原,156
河原田,1958
河原町,10636
河口湖,3172
河合,0
河合西,304
河和,4119
河和口,567
河堀口,3116
河山,15
河崎口,400
河戸帆待川,2452
河曲,644
河毛,1056
河津,1477
河瀬,6090
河芸,99
河辺,27270
河辺の森,10
河野原円心,2
油島,0
油川,824
油日,536
油木,2
油津,0
油田,676
油須原,82
治良門橋,544
沼ノ沢,0
沼ノ端,0
沼久保,13
沼南,3800
沼津,41341
沼田,3442
沼袋,20290
沼部,10877
泉,4898
泉ヶ丘,40458
泉中央,52624
泉佐野,24494
泉体育館,6479
泉外旭川,0
泉大津,29402
泉岳寺,223574
泉崎,0
泉沢,10
泉田,0
泉福寺,985
泉郷,0
泊,1378
法善寺,3944
法界院,2614
法華口,108
法隆寺,14096
波久礼,218
波多江,5042
波多浦,0
波子,60
波川,302
波方,134
波根,82
波止浜,230
波瀬,14
波田,1076
波田須,38
波野,0
波高島,58
泰澄の里,55
洋光台,40690
洗足,14898
洗足池,19124
洗馬,122
洗馬橋,605
洛西口,12766
洞泉,0
洞爺,540
津,35117
津ノ井,1156
津ノ森,195
津久井浜,6299
津久田,0
津久見,1638
津久野,16650
津南,158
津古,2431
津和野,380
津奈木,113
津守,774
津山,3946
津山口,30
津島,11994
津島ノ宮,3162
津川,324
津幡,14048
津新町,12063
津田,11292
津田山,7642
津田沼,207824
津福,2485
津谷,0
津軽中里,161
津軽二股,0
津軽五所川原,571
津軽今別,0
津軽大沢,58
津軽宮田,0
津軽尾上,202
津軽新城,0
津軽浜名,0
津軽湯の沢,0
津軽石,154
津軽飯詰,20
洲先,1831
洲原,22
流山,2714
流山おおたかの森,79200
流山セントラルパーク,10300
流山温泉,0
流通センター,20525
浄心,14564
浄水,10706
浅内,0
浅利,76
浅岸,0
浅川,4
浅水,384
浅海,130
浅海井,0
浅草,108434
浅草橋,110122
浅虫温泉,668
浅野,0
浅間町,10444
浅香,4446
浅香山,8673
浜の宮,3768
浜中,0
浜加積,89
浜北,3527
浜厚真,0
浜原,0
浜吉田,1008
浜名湖佐久米,39
浜坂,448
浜寺公園,4270
浜寺駅前,908
浜小清水,0
浜山公園北口,194
浜崎,1224
浜川崎,0
浜村,928
浜松,74051
浜松町,324286
浜河内,20
浜田,1380
浜田山,30158
浜田浦,0
浜町,23188
浜町アーケード,3300
浜野,15230
浜金谷,550
浦ノ崎,76
浦上,5180
浦上車庫,2100
浦上駅前,2800
浦佐,2914
浦和,190128
浦和美園,22500
浦安,82712
浦宿,0
浦山,255
浦山口,148
浦川,110
浦幌,104
浦本,16
浦河,4
浦添前田,1088
浦田,754
浦臼,0
浦賀,20199
浪岡,1884
浪板海岸,72
浪江,0
浪花,0
浮孔,1552
浮間舟渡,44280
浮鞭,22
海の公園南口,1618
海の公園柴口,2091
海の王迎,6
海ノ中道,1560
海ノ口,0
海南,5606
海士有木,196
海尻,0
海山道,1521
海岸寺,150
海岸通,1844
海崎,0
海浜幕張,136756
海浦,29
海瀬,0
海王丸,45
海田市,19830
海神,5715
海老名,152370
海老江,23920
海老津,7334
海芝浦,0
海路,0
海部,70
海鹿島,73
涌谷,1118
涙橋,730
涸沼,236
淀,15642
淀屋橋,232731
淀川,5262
淀江,422
淡路,36866
淡路町,61863
淡輪,2177
深井,25811
深堀町,1113
深川,2082
深戸,29
深日港,697
深日町,488
深江,18277
深江橋,22994
深浦,138
深溝,170
深田,12
深谷,20236
深郷田,16
淵垣,314
淵野辺,77846
添田,0
清児,1252
清和学園前,122
清峰高校前,477
清川,0
清川口,170
清明,116
清武,1240
清水,20665
清水五条,9375
清水公園,5031
清水原,0
清水川,139
清水沢,0
清水浜,0
清水町,441
清洲,8277
清流みはらし,0
清流新岩国,59
清滝,3295
清澄白河,58961
清瀬,69578
清畠,0
清荒神,8245
清輝橋,653
清里,372
清里町,0
清音,3358
渋川,6788
渋木,16
渋民,659
渋沢,27175
渋谷,1381618
渕東,63
渕高,1699
渚,151
渡,0
渡島当別,50
渡島沼尻,0
渡島砂原,0
渡島鶴岡,0
渡川,18
渡波,0
渡瀬,266
渡辺橋,8602
渡辺通,8296
温泉津,100
温田,380
港北,6900
港区役所,10228
港南中央,19627
港南台,64196
港山,321
港町,7963
湊,6698
湊川,9669
湊川公園,20838
湖北,8232
湖山,1212
湖遊館新駅,31
湘南台,92076
湘南江の島,4479
湘南海岸公園,1976
湘南深沢,5586
湘南町屋,6925
湯の山温泉,554
湯の川,1308
湯の川温泉,694
湯の洞温泉口,38
湯ノ岱,0
湯ノ峠,10
湯之元,718
湯前,373
湯尾,188
湯島,37549
湯川,10
湯平,0
湯本,4042
湯檜曽,0
湯江,0
湯沢,1262
湯河原,11984
湯浅,2012
湯浦,156
湯瀬温泉,48
湯玉,54
湯田中,1194
湯田村,1684
湯田温泉,2484
湯西川温泉,165
湯谷温泉,88
湯里,8
湯野,132
湯野上温泉,236
源じいの森,27
源道寺,1567
溜池山王,116255
溝の口,213508
溝口,3496
滋賀里,1763
滋野,781
滑川,2892
滑河,1706
滑津,0
滝,108
滝の茶屋,4562
滝ノ上,0
滝ノ間,0
滝不動,7496
滝井,5266
滝原,73
滝宮,566
滝尾,750
滝山,2071
滝川,3168
滝本,576
滝水,0
滝沢,3044
滝谷,5287
滝谷不動,6914
滝部,424
滝野,530
滝野川一丁目,1610
漆山,0
漕代,323
潜竜ヶ滝,73
潟元,1884
潟町,0
潮,0
潮来,656
潮見,27130
澄川,19860
瀬々串,0
瀬上,342
瀬峰,976
瀬戸,5360
瀬戸口,4242
瀬戸市,6357
瀬戸市役所前,2879
瀬戸瀬,0
瀬戸石,0
瀬田,36448
瀬見温泉,0
瀬谷,44085
瀬越,0
瀬辺地,0
瀬野,7186
瀬高,2160
灘,41354
為栗,10
烏丸,82325
烏丸御池,114068
烏山,1040
烏森,5019
烏江,769
然別,0
焼津,17737
焼石,46
熊ヶ根,0
熊取,21956
熊山,2716
熊崎,724
熊川,0
熊本,30880
熊本城・市役所前,2631
熊本駅前,7526
熊本高専前,506
熊西,480
熊谷,61112
熊野前,9677
熊野市,929
熱海,21506
熱田,6093
熱郛,0
燕,1918
燕三条,4636
片倉,10442
片倉町,21979
片原町,5362
片岡,1434
片浜,4986
片瀬山,3883
片瀬江ノ島,19828
片瀬白田,418
片貝,303
片野,4490
牛ケ原,4
牛ノ浜,28
牛ノ谷,44
牛久,25586
牛久保,1737
牛山,2472
牛島,488
牛津,1514
牛浜,9192
牛渕,237
牛渕団地前,876
牛田,22996
牛込柳町,21251
牛込神楽坂,15243
牟岐,266
牟礼,1281
牧,1456
牧之郷,428
牧山,58
牧志,6918
牧落,7720
牧野,19294
物井,8082
特牛,20
犀川,298
犀潟,1388
犬吠,103
犬塚,1083
犬山,17532
犬山口,2064
犬山遊園,1473
犬島新町,341
犬川,0
犬飼,0
狐ヶ崎,5474
狛江,48921
狛田,2849
狩場沢,39
狩川,130
狩生,0
狩留家,406
狭山,5995
狭山ヶ丘,25107
狭山市,41050
狭間,7820
狸小路,3458
猊鼻渓,0
猪名寺,19464
猪田道,51
猪苗代,1170
猪苗代湖畔,0
猪谷,498
猫又,0
猿和田,0
猿投,4108
猿橋,2568
猿猴橋町,2408
猿田,0
獨協大学前,59443
玄武洞,40
玉ノ井,1699
玉之江,102
玉出,20243
玉名,5094
玉垣,471
玉川,10783
玉川上水,42416
玉川学園前,46581
玉川村,344
玉戸,1412
玉手,834
玉村,92
玉来,0
玉柏,196
玉桂寺前,16
玉水,1922
玉江,294
玉淀,591
玉造,34012
玉造温泉,644
玉野,986
王子,129524
王子保,542
王子公園,17996
王子神谷,37449
王子駅前,9239
王寺,48152
玖村,2032
玖波,3400
玖珂,732
現川,1436
球場前,396
球泉洞,0
琴似,28450
琴平,2302
琴芝,1332
琴電屋島,840
琴電志度,1129
琴電琴平,1461
瑞光四丁目,9461
瑞江,57071
瑞浪,9354
瑞穂,0
瑞穂区役所,15214
瑞穂運動場東,9752
瑞穂運動場西,7402
環状通東,17896
瓜連,528
瓢箪山,21783
瓦ヶ浜,1329
瓦町,14860
甘地,1718
甘木,1238
甘露寺前,564
甚目寺,10693
生地,972
生山,160
生瀬,3468
生田,46037
生田原,0
生見,0
生野,496
生野屋,218
生駒,47254
生駒山上,295
生麦,29910
産業振興センター,4621
用土,0
用宗,3035
用瀬,166
用賀,67550
甫嶺,19
田んぼアート,16
田上,0
田並,14
田中,2301
田中口,159
田丸,1098
田主丸,1182
田井ノ浜,4
田井ノ瀬,660
田京,2580
田代,1162
田儀,64
田切,87
田原,46
田原坂,0
田原本,13250
田原町,34372
田吉,0
田園調布,35914
田奈,11038
田子,10
田子倉,0
田尻,0
田尾寺,4697
田山,0
田島,132
田島高校前,118
田崎橋,947
田川伊田,1284
田川市立病院,213
田川後藤寺,1652
田布施,2268
田本,2
田村,2540
田沢,1092
田沢湖,606
田沼,979
田津,0
田浦,4556
田添,47
田無,75418
田町,312728
田畑,304
田県神社前,4767
田神,1803
田窪,797
田立,123
田端,94880
田老,143
田舎館,87
田辺,9608
田辺島通,231
田野,986
田野倉,592
田野口,15
田野畑,116
田鶴浜,197
由仁,0
由宇,1600
由岐,128
由布院,2050
由比,2775
由比ヶ浜,2449
由良,1044
甲南,1614
甲南山手,23032
甲奴,24
甲子園,54968
甲子園口,37470
甲州街道,9087
甲府,30330
甲斐上野,141
甲斐住吉,959
甲斐大和,0
甲斐大島,12
甲斐大泉,110
甲斐小泉,0
甲斐岩間,207
甲斐常葉,50
甲東中学校前,235
甲東園,26007
甲浦,35
甲立,216
甲西,4636
甲賀,1400
甲陽園,9858
男川,4546
男衾,1685
男鹿,774
男鹿高原,2
町屋,62882
町屋二丁目,775
町屋駅前,8555
町方,1301
町田,289419
畑田,261
留萌,86
留辺蘂,0
畝傍,992
畝傍御陵前,4043
畠田,3366
畦野,7705
番田,28
発坂,116
発寒,9052
発寒中央,9004
発寒南,18014
登別,768
登戸,167685
白丸,0
白久,117
白井,9790
白井海岸,3
白兎,15
白坂,0
白塚,1640
白子,14563
白山,51183
白山長滝,9
白岡,25938
白島,2929
白川口,361
白市,3274
白庭台,9339
白木,43
白木原,9814
白木山,208
白楽,44323
白沢,493
白沢渓谷,831
白河,1248
白浜,1416
白浜の宮,5123
白滝,0
白石,28326
白石蔵王,1748
白神岳登山口,0
白糠,74
白糸台,6439
白老,1326
白金台,17677
白金高輪,42763
白銀,0
白馬,562
白馬大池,0
白鳥高原,23
白鷺,10666
百合が原,0
百合ヶ丘,21681
百舌鳥,7842
百舌鳥八幡,4540
百草園,7620
的場,6112
的場町,2125
的形,1648
皆実町二丁目,868
皆実町六丁目,3498
皆瀬,220
皆野,1066
益子,204
益生,2665
益田,880
盛,322
盛岡,35888
目出,22
目名,0
目時,33
目白,76380
目白山下,293
目黒,286145
直別,0
直川,0
直方,6704
直江,868
直江津,7240
直見,0
相ノ木,244
相内,0
相原,21234
相可,466
相川,16200
相月,13
相模原,58504
相模大塚,14284
相模大野,127169
相模沼田,2900
相模湖,4430
相模金子,1017
相武台下,0
相武台前,40324
相浦,195
相生,8710
相生山,8866
相知,0
相老,1361
相良藩願成寺,614
相見,3261
相賀,244
相野,5944
相野々,20
相馬,2288
県,617
県庁前,14907
県庁通り,1826
県病院前,3457
県立体育館前,209
県立大学,12350
県立美術館前,1939
県立美術館通,455
県総合運動場,3647
真倉,28
真土,6
真室川,236
真岡,791
真布,0
真幸,0
真滝,0
真申,63
真菅,5036
真駒内,25106
真鶴,6596
矢代田,2088
矢作,0
矢作橋,7068
矢倉,0
矢切,7903
矢加部,183
矢原,1300
矢口渡,25588
矢向,37972
矢吹,2132
矢場町,63180
矢岳,0
矢島,236
矢川,16694
矢幅,6048
矢掛,733
矢本,2432
矢板,5658
矢田,9340
矢田前,1282
矢神,26
矢祭山,0
矢美津,0
矢賀,1962
矢越,0
矢部,24790
矢野,15434
矢野口,20570
知内,0
知和,12
知多半田,11939
知多奥田,5559
知多武豊,6260
知寄町,530
知寄町一丁目,584
知寄町三丁目,497
知寄町二丁目,693
知床斜里,240
知来乙,0
知波田,87
知立,33768
石上,739
石下,913
石井,1842
石仏,4055
石倉,0
石刀,3012
石切,8887
石動,3142
石原,1003
石原町,0
石和温泉,5956
石地,0
石垣,0
石場,2566
石屋川,6838
石山,48206
石山寺,1941
石山通,1091
石岡,11334
石嶺,2045
石川,73
石川プール前,22
石川台,15474
石川町,65404
石巻,6486
石巻あゆみ野,0
石手川公園,481
石才,432
石打,242
石打ダム,0
石橋,10008
石橋阪大前,44802
石津,423
石津北,435
石津川,14475
石浜,2477
石清水八幡宮,8642
石狩月形,82
石狩沼田,0
石狩金沢,0
石生,812
石田,6943
石神井公園,82902
石神前,0
石蟹,206
石見,2142
石見川本,0
石見川越,0
石見松原,0
石見横田,18
石見津田,32
石見福光,30
石見簗瀬,0
石見都賀,0
石谷,0
石越,612
石部,3742
石鎚山,98
石鳥谷,2166
砂川,1304
砂川七番,4914
砂田橋,15272
砂越,0
研究学園,14600
砥堀,1432
砺波,2344
碁石海岸口,0
碇ヶ関,158
碧南,4031
碧南中央,4643
碧海古井,1260
磐城,1196
磐城塙,376
磐城太田,0
磐城守山,0
磐城常葉,0
磐城棚倉,332
磐城浅川,348
磐城石井,0
磐城石川,1036
磐梯熱海,508
磐梯町,316
磐田,16092
磯ノ浦,107
磯分内,0
磯原,3518
磯子,40564
磯山,1457
磯崎,120
磯部,2150
磯鶏,107
礼受,0
礼拝,0
礼文,0
社台,0
社家,0
社町,896
祇園,16269
祇園四条,55733
祇園新橋北,3993
祇園橋,491
祐天寺,32013
祖師ヶ谷大蔵,51085
祖母島,0
祖谷口,20
祝園,4656
神ノ木,566
神代,138
神代（鍋島邸前）,133
神保原,5656
神保町,287091
神俣,296
神前,868
神城,80
神埼,3288
神奈川,4751
神奈川新町,19584
神宮丸太町,8197
神宮前,33766
神宮寺,404
神宮西,8978
神尾,5
神山,0
神崎川,18861
神志山,167
神戸,145034
神戸三宮,113112
神戸空港,7095
神明,615
神明町,461
神杉,16
神村学園前,1944
神楽坂,42168
神楽岡,0
神武寺,6808
神水交差点,1092
神沢,6514
神泉,11328
神海,15
神田,212182
神田（交通局前）,847
神町,0
神畑,137
神目,130
神立,11080
神谷,130
神谷町,106952
神農原,82
神辺,2836
神野,2114
神鉄六甲,1128
神鉄道場,1963
神領,26673
禅昌寺,17
福,13123
福井,20602
福井口,469
福井城址大名町,114
福井駅,423
福住,32888
福俵,0
福光,1052
福原,300
福吉,850
福地,1337
福大前,14272
福大前西福井,1946
福居,810
福山,42374
福岡,1982
福岡空港,54861
福島,60212
福島今町,0
福島口,45
福島学院前,658
福島町,1210
福島高松,0
福崎,3282
福川,1494
福工大前,23102
福江,94
福浦,4154
福渡,534
福生,32790
福用,38
福田町,7942
福知山,7164
福知山市民病院口,37
福神,2423
福部,150
福野,1460
福間,18296
福音寺,1698
禾生,558
私市,2416
秋山,7791
秋川,13380
秋津,81168
秋田,21466
秋葉原,504534
秋鹿町,171
秦野,42011
秩父,1098
秩父別,0
稀府,0
程久保,1628
稚内,166
稚子塚,65
種差海岸,0
種市,258
稲原,136
稲城,21522
稲城長沼,16180
稲士別,0
稲子,15
稲尾,0
稲戸井,1458
稲村ヶ崎,4309
稲枝,5112
稲梓,53
稲毛,101356
稲毛海岸,43444
稲永,5400
稲沢,18047
稲田,336
稲田堤,52840
稲穂,0
稲積公園,9276
稲荷,17756
稲荷口,1025
稲荷山,676
稲荷山公園,10053
稲荷町,18410
稲野,7826
穂積,18687
穂高,2270
積志,1891
穴内,11
穴吹,1334
穴太,814
穴守稲荷,19922
穴山,0
穴川,3718
穴水,113
穴生,1189
穴部,1355
空港第2ビル,30082
空港通り,1305
窪川,1308
竈山,486
立ヶ花,0
立会川,19337
立場,22586
立小路,0
立山,3479
立川,337024
立川北,44151
立川南,32366
立川目,0
立木,16
立江,224
立田,22
立町,5810
立石,0
立花,49982
立道,66
立野,112
立間,106
立飛,12986
竜ヶ崎,2253
竜ヶ水,0
竜王,4818
竜田,384
竜田口,1464
竜田川,1867
竜舞,611
竜野,4408
竜飛海底,0
竪堀,2208
端岡,2658
端野,0
端間,1735
競艇場前,2924
競輪場前,853
競馬場前,4362
竹,0
竹ノ塚,72689
竹下,17386
竹中,0
竹原,1584
竹岡,0
竹村,3341
竹松,2366
竹橋,49315
竹沢,0
竹浦,0
竹田,30987
竹芝,4508
竹野,370
竹駒,0
竹鼻,2044
笈川,0
笑内,5
笠上黒生,78
笠寺,12555
笠岡,6752
笠島,0
笠師保,30
笠幡,5912
笠松,8726
笠田,1472
笠縫,2536
笠置,372
笠間,2684
第一通り,3174
笹原,11060
笹原田,13
笹子,0
笹川,640
笹平,0
笹木野,0
笹津,200
笹谷,1099
笹貫,1722
笹部,109
笹塚,82813
等々力,29530
等持院・立命館大学衣笠キャンパス前,816
筑前内野,0
筑前前原,14188
筑前垣生,784
筑前大分,1354
筑前山家,0
筑前山手,0
筑前岩屋,0
筑前庄内,0
筑前植木,1092
筑前深江,1764
筑後吉井,984
筑後大石,0
筑後船小屋,2306
筑後草野,0
筑波山頂,600
筑紫,6821
筑豊中間,874
筑豊直方,908
筑豊香月,571
筒井,7779
筒石,30
筬島,0
箕島,3286
箕浦,36
箕田,898
箕谷,1756
箕面,14664
箱作,4968
箱崎,12280
箱崎九大前,5740
箱崎宮前,8935
箱根ヶ崎,8980
箱根板橋,2314
箱根湯本,10609
箱石,0
箸別,0
箸尾,1722
箸蔵,102
節婦,0
築地,71205
築地口,9352
築地市場,26265
築城,1484
築山,3089
篠ノ井,19154
篠原,4358
篠塚,213
篠山口,6670
篠崎,41165
篠栗,9948
篠目,14
篠路,6156
簗場,0
籠原,30154
米ノ津,205
米内沢,94
米原,13713
米子,7070
米子空港,380
米山,0
米島口,112
米川,28
米沢,4778
米津,1964
米野,1285
米野木,6429
粉河,1952
粉浜,4180
粕川,254
粕淵,0
粟ヶ崎,39
粟井,808
粟屋,0
粟島（大阪屋ショップ前）,618
粟津,2582
粟生,2811
粟生津,0
粟野,148
糀谷,28843
糒,117
糠南,0
糠沢,0
糸井,0
糸島高校前,3014
糸崎,1352
糸田,156
糸貫,35
糸魚川,1242
糸魚沢,0
紀ノ川,2786
紀三井寺,4240
紀伊,7764
紀伊中ノ島,926
紀伊井田,69
紀伊佐野,460
紀伊内原,396
紀伊勝浦,684
紀伊天満,82
紀伊姫,14
紀伊宮原,1180
紀伊富田,94
紀伊小倉,1228
紀伊山田,1192
紀伊市木,86
紀伊御坊,60
紀伊新庄,80
紀伊日置,144
紀伊有田,12
紀伊浦神,18
紀伊清水,251
紀伊田原,28
紀伊田辺,2728
紀伊由良,616
紀伊神谷,13
紀伊細川,20
紀伊長島,433
紀伊長田,200
紀和,272
紀見峠,537
紋穂内,0
納内,0
純心学園前,1612
紙屋町東,7472
紙屋町西,16107
紫,6012
紫波中央,3092
紫香楽宮跡,133
細井川,700
細呂木,138
細岡,0
細浦,0
細畑,1812
細谷,2710
細野,0
経堂,82540
経塚,1293
経田,926
結城,4194
結崎,3885
絵笛,0
絹延橋,2035
綱島,103630
網代,0
網干,15518
網引,72
網田,0
網走,630
網野,186
綾ノ町,590
綾川,1428
綾瀬,455014
綾織,0
綾羅木,1538
綾部,3100
綾里,108
綿内,0
緋牛内,0
総元,7
総合リハビリセンター,6718
総合運動公園,14050
総持寺,14064
総社,7012
緑,0
緑が丘,10365
緑井,5458
緑園都市,25276
緑地公園,35552
緑川,0
緑橋,22700
緑町,516
緒川,3792
緒方,0
練馬,133700
練馬春日町,23110
練馬高野台,27327
縄文小ヶ田,7
縮景園前,608
繁藤,10
織笠,103
織部,20
置賜,0
美々,0
美々津,0
美並苅安,55
美乃坂本,2625
美乃浜学園,0
美佐島,7
美作加茂,142
美作千代,74
美作土居,42
美作大崎,44
美作江見,102
美作河井,22
美作滝尾,68
美作落合,442
美作追分,44
美加の台,3657
美合,7441
美咲が丘,2062
美唄,2652
美園,10476
美夜古泉,179
美女平,3479
美山,50
美川,1814
美幌,0
美旗,1456
美栄橋,6394
美江寺,52
美浜,444
美浜緑苑,436
美深,0
美濃太田,5729
美濃山崎,121
美濃川合,884
美濃市,142
美濃本郷,586
美濃松山,525
美濃津屋,257
美濃白鳥,157
美濃赤坂,602
美濃青柳,498
美濃高田,754
美瑛,946
美田園,1480
美留和,0
美祢,618
美章園,10530
美薗中央公園,2128
美術館図書館前,459
美袋,510
美談,34
美里,0
美馬牛,0
群馬八幡,2416
群馬原町,0
群馬大津,0
群馬総社,3392
群馬藤岡,2484
義塾高校前,83
羽ノ浦,1678
羽倉崎,6184
羽前中山,0
羽前前波,0
羽前千歳,0
羽前大山,0
羽前小松,580
羽前山辺,0
羽前成田,45
羽前松岡,0
羽前椿,50
羽前水沢,0
羽前沼沢,0
羽前豊里,0
羽前金沢,0
羽前長崎,752
羽前高松,0
羽咋,2548
羽場,1058
羽島市役所前,1820
羽帯,0
羽床,135
羽後中里,1
羽後亀田,120
羽後四ツ屋,0
羽後境,394
羽後太田,3
羽後岩谷,284
羽後本荘,2176
羽後牛島,1520
羽後長戸呂,7
羽後長野,184
羽後飯塚,212
羽村,27632
羽根尾,0
羽沢横浜国大,25422
羽犬塚,5910
羽生,13591
羽生田,994
羽田空港第1ターミナル,27549
羽田空港第1・第2ターミナル,97330
羽田空港第2ターミナル,29417
羽田空港第3ターミナル,29698
羽立,0
羽衣,22319
羽貫,4380
羽間,252
羽鳥,4632
羽黒,3456
羽黒下,198
翁島,0
習志野,13283
老津,635
耳成,3865
聖天坂,155
聖愛中高前,101
聖蹟桜ヶ丘,65246
聖高原,562
聚楽園,6671
肥前七浦,0
肥前久保,0
肥前古賀,690
肥前大浦,0
肥前山口,2326
肥前旭,1480
肥前浜,0
肥前白石,1396
肥前竜王,0
肥前長田,0
肥前長野,0
肥前飯田,0
肥前鹿島,2326
肥前麓,1094
肥後二見,59
肥後伊倉,0
肥後大津,5326
肥後橋,75628
肥後田浦,85
肥後西村,496
肥後長浜,0
肥後高田,470
胡町,4528
胡麻,550
能代,860
能瀬,572
能生,614
能町,338
能町口,36
能登中島,115
能登二宮,364
能登川,14606
能登部,1022
能登鹿島,4
能美根上,2582
能見台,30365
脇ノ沢,0
脇本,0
脇田,2430
腰越,2945
腹帯,0
膳,88
膳所,25830
膳所本町,2570
自動車学校前,2010
自治医大,7194
自然園前,2
自由が丘,156160
自由ヶ丘,13470
自衛隊前,6650
臼杵,1348
臼田,416
興戸,10496
興津,4278
舌山,69
舎人,8733
舎人公園,4760
舎熊,0
舞子,37712
舞子公園,3663
舞岡,5667
舞木,0
舞松原,2034
舞浜,166314
舞田,70
舞阪,5363
舟入南,1917
舟入川口町,2021
舟入幸町,1235
舟入本町,1820
舟入町,2069
舟形,172
舟戸,402
航空公園,24494
船佐,0
船堀,64062
船尾,636
船岡,6652
船平山,10
船引,1598
船戸,514
船橋,277900
船橋日大前,20270
船橋法典,38318
船橋競馬場,20709
船津,212
船町,519
船町口,10
船越,1132
艫作,0
良川,642
芝公園,33271
芝山千代田,1435
芝川,308
芝浦ふ頭,5090
芦ノ牧温泉,158
芦ノ牧温泉南,10
芦ヶ久保,340
芦別,0
芦原,716
芦原橋,12102
芦原温泉,3380
芦原町,225
芦屋,54270
芦屋川,15589
芦川,159
芦沢,90
芦花公園,14929
芦野公園,86
花原市,0
花咲,0
花園,7934
花園町,17280
花堂,65
花小金井,59220
花山,3113
花崎,10682
花巻,6574
花巻空港,1300
花月総持寺,7022
花水坂,553
花泉,714
花田口,499
花畑,7791
花畑町,2280
花白温泉,26
花輪,45
花隈,7121
芳養,142
芸大通,2040
芽室,554
苅安賀,959
苅田,4690
苅藻,3718
苔縄,4
苗穂,10400
若井,17
若宮,0
若松,2292
若松河田,32326
若林,9135
若栗,61
若桜,235
若江岩田,15832
若狭和田,248
若狭有田,116
若狭本郷,562
若狭高浜,640
若穂,0
若葉,38038
若葉台,26954
若葉町,1600
苦楽園口,12270
苦竹,5852
苧ケ瀬,838
苫小牧,6936
苫米地,101
英賀保,9246
茂原,22544
茂吉記念館前,0
茂尻,0
茂市,0
茂木,515
茂林寺前,1574
茂辺地,30
茂里町,4000
茅ヶ崎,113038
茅場町,129424
茅沼,0
茅町,677
茅野,7556
茗荷谷,78179
茨木,96486
茨木市,57191
茨目,0
茶内,0
茶屋ヶ坂,15326
茶屋町,7700
茶山,5064
茶志内,0
茶所,635
茶臼山,543
草加,88682
草江,170
草津,59138
草津南,1955
草薙,21922
草道,49
草野,478
荏原中延,13910
荏原町,17976
荒井,9250
荒子,4900
荒子川公園,6100
荒尾,2044
荒屋新町,96
荒島,802
荒川一中前,699
荒川七丁目,473
荒川二丁目,845
荒川区役所前,1689
荒川沖,16602
荒川車庫前,3350
荒川遊園地前,2207
荒木,2766
荒本,16277
荒河かしの木台,26
荒浜,0
荒瀬,4
荒田八幡,1387
荒町,414
荒畑,8996
荒砥,145
荒谷前,0
荒野台,179
荘原,638
荷稲,19
荻伏,0
荻川,3844
荻布,35
荻生,72
荻窪,181430
荻野,42
菅尾,0
菅谷,138
菅野,4195
菊名,136992
菊川,25887
菊水,22126
菊水山,0
菊間,358
菖蒲池,12583
菜園場町,1003
菜畑,3686
菰野,2428
萩,100
萩の台,2634
萩ノ茶屋,1550
萩原,2585
萩原天神,7544
萩山,10118
萩浦小学校前,384
萩生,0
萩野,0
萱島,23393
萱町六丁目,369
萱草,2
落合,27490
落合南長崎,28212
落合川,63
落居,50
落石,0
落部,0
葉多,113
葉木,0
葛,381
葛岡,0
葛島橋東詰,314
葛生,936
葛西,107152
葛西臨海公園,27458
葭川公園,2189
葭池温泉前,142
蒔田,22959
蒲原,1384
蒲池,1143
蒲生,17476
蒲生四丁目,17618
蒲田,292674
蒲郡,15525
蒲郡競艇場前,318
蒲須坂,0
蓬栄,0
蓬田,0
蓬莱,2058
蓮,0
蓮ヶ池,0
蓮台寺,700
蓮根,19459
蓮池町通,315
蓮沼,8577
蓮田,41798
蓮町（馬場記念公園前）,1074
蓮花寺,813
蔚山町,680
蔵内,0
蔵前,37943
蔵宿,43
蔵本,906
蔵王,2210
蕨,123052
蕨岱,0
薊野,384
薩摩今和泉,892
薩摩塩屋,0
薩摩大川,13
薩摩川尻,0
薩摩松元,1156
薩摩板敷,0
薩摩高城,5
薬園台,15045
薬師堂,11334
薬水,85
薬院,42239
薬院大通,6223
藍本,322
藍那,141
藤が丘,61332
藤の牛島,7141
藤ノ木,0
藤並,2522
藤井,56
藤井寺,35802
藤代,12766
藤山,0
藤岡,1330
藤島,560
藤崎,24683
藤崎宮前,2013
藤川,6576
藤枝,22622
藤根,0
藤棚,216
藤森,12315
藤江,2859
藤沢,219234
藤沢本町,21694
藤浪,4797
藤生,1014
藤田,1290
藤野,4530
藤阪,6432
藪原,226
藪塚,1097
藪神,0
藻琴,0
蘇原,2047
蘇我,68488
蘭島,0
蘭留,0
蘭越,0
虎ノ門,110008
虎ノ門ヒルズ,0
虎姫,1418
虎杖浜,0
虫川大杉,165
虹,639
虹ノ松原,0
蚊爪,319
蚕ノ社,758
蚕桑,23
蛇田,1706
蛍橋,548
蛍池,41690
蛍茶屋,2600
蛸地蔵,4677
螢田,6059
蟇目,0
蟹江,7369
蟹田,300
行啓通,1437
行川アイランド,0
行徳,57818
行橋,12342
行波,56
行田,13320
行田市,1685
衣山,2251
衣摺加美北,4292
衣笠,17136
表参道,183989
表木山,0
袋,26
袋井,10650
袋倉,0
袋田,150
袋町,2796
袖ヶ浦,10854
袖崎,0
裾野,5015
襟野々,132
西11丁目,32010
西15丁目,3466
西18丁目,31934
西28丁目,20722
西4丁目,12610
西8丁目,1330
西ノ京,7800
西ノ口,994
西ノ庄,665
西ヶ原,8845
西ヶ原四丁目,2515
西ヶ方,8
西一宮,475
西三次,6
西三荘,16085
西上田,1781
西中,0
西中島南方,66694
西中通,0
西中野,389
西九条,62352
西二見,4417
西京極,18233
西人吉,0
西仙台ハイランド,0
西代,6175
西佐川,522
西元町,4463
西入善,424
西八王子,64432
西出水,439
西出雲,622
西分,50
西別所,277
西別院,295
西前田,131
西加積,54
西勝間田,22
西北見,0
西千葉,44770
西原,7573
西取手,2575
西古川,0
西可児,3981
西台,27098
西吉井,140
西向日,10315
西吾野,343
西和田,0
西唐津,1006
西国分寺,59856
西国立,20370
西堀端,532
西塩釜,0
西大井,31666
西大分,958
西大原,11
西大垣,395
西大塚,16
西大宮,20660
西大家,3981
西大寺,7262
西大寺町,536
西大山,0
西大島,29561
西大崎,0
西大手,154
西大方,7
西大橋,14475
西大洲,72
西大滝,0
西大路,33820
西大路三条,1011
西大路御池,12157
西天下茶屋,270
西太刀洗,184
西太子堂,882
西女満別,0
西宮,48577
西宮北口,103925
西宮名塩,17370
西富井,678
西富士宮,2474
西富山,778
西富岡,153
西寒河江,0
西小倉,10536
西小坂井,2357
西小山,37342
西小林,0
西小泉,1523
西尾,10487
西尾口,615
西屋敷,0
西山,368
西山公園,24
西山口,266
西山名,154
西山天王山,12333
西岐阜,12485
西岡崎,3797
西岩国,746
西岸,24
西川原,7746
西川口,117142
西川田,2410
西川緑道公園,389
西川越,2694
西巣鴨,30335
西帯広,0
西幡豆,604
西平内,123
西広島,18678
西府,20718
西庶路,0
西御坊,40
西御料,0
西戸崎,1838
西所沢,25720
西掛川,182
西敦賀,234
西新,49694
西新井,66712
西新井大師西,12163
西新宿,91457
西新宿五丁目,36022
西新湊,202
西新町,4721
西新発田,0
西方,23
西日暮里,201880
西日野,2021
西早稲田,39863
西明寺,10
西明石,64098
西春,23983
西春江ハートピア,264
西有田,117
西木場,40
西木津,916
西条,18976
西松井田,0
西松本,91
西枇杷島,709
西栗栖,170
西桐生,1634
西桑名,4567
西梅田,118272
西様似,0
西横浜,14832
西武園,3591
西武園ゆうえんち,682
西武新宿,183666
西武柳沢,16616
西武球場前,13830
西武秩父,7146
西武立川,11705
西気賀,66
西永福,18838
西江井ヶ島,2743
西泉,271
西浜田,312
西浜町,1200
西浦,776
西浦上,1812
西浦和,29910
西海鹿島,30
西添田,0
西滑川,321
西滝沢,59
西灘,5128
西焼津,12009
西熊本,2500
西燕,0
西片上,1178
西牟田,818
西瑞穂,0
西田井,45
西田原本,5690
西田平,237
西田辺,24121
西町,1496
西畑,7
西留辺蘂,0
西登戸,2636
西白井,12587
西目,588
西相生,1734
西相知,0
西神中央,50016
西神南,27432
西神楽,0
西立川,13656
西笠松,1118
西笠田,102
西米沢,0
西粟倉,3
西線11条,3308
西線14条,3074
西線16条,2675
西線6条,2320
西線9条旭山公園通,2128
西羽生,308
西聖和,0
西脇市,1644
西舞子,1858
西舞鶴,2842
西船橋,415109
西若松,0
西荻窪,91556
西葛西,105321
西藤原,176
西衣山,1272
西袋,0
西観音町,1227
西調布,17610
西諫早,2208
西谷,24551
西辛島町,409
西那須野,7554
西郷,121
西都城,832
西里,1842
西野尻,42
西金,0
西金沢,6064
西鈴蘭台,6120
西鉄中島,861
西鉄久留米,33854
西鉄二日市,21243
西鉄五条,5748
西鉄千早,6296
西鉄小郡,10890
西鉄平尾,13580
西鉄新宮,1428
西鉄柳川,11221
西鉄渡瀬,347
西鉄福岡（天神）,136277
西鉄銀水,674
西鉄香椎,4108
西鎌倉,5289
西長堀,25856
西長田ゆりの里,328
西阿知,6370
西院,40522
西青山,12
西頴娃,0
西飾磨,1953
西馬込,49538
西高屋,9898
西高岡,1186
西高島平,13606
西高蔵,6594
西高須,560
西魚津,153
西鯖江,287
西鷹巣,5
西鹿島,3416
西麻植,260
西黒崎,151
要田,0
要町,41969
見奈良,645
見晴台,1
見沼代親水公園,13719
見老津,22
見能林,590
見附,4314
覚王山,19298
親不知,26
親鼻,381
観光通,2400
観月橋,4212
観音,67
観音寺,3218
観音町,1252
角の浜,0
角川,36
角田,1054
角茂谷,10
角館,1090
計石,6
計算科学センター,4535
試験場前,3115
詫間,1778
誉田,14056
誕生寺,94
読売ランド前,36082
調川,118
調布,130065
諏訪,0
諏訪ノ平,71
諏訪ノ森,7742
諏訪川原,77
諏訪町,4571
諏訪神社,2700
諫早,10268
諫早東高校,249
諫早（雲仙・島原口）,2066
諸寄,84
警察署前,1026
護国寺,43428
讃岐塩屋,692
讃岐府中,646
讃岐津田,1010
讃岐牟礼,502
讃岐白鳥,388
讃岐相生,28
讃岐財田,30
谷上,25964
谷之口,0
谷保,20884
谷在家,10870
谷地頭,459
谷塚,38681
谷山,5619
谷峨,218
谷川,840
谷村町,550
谷汲口,23
谷河原,0
谷津,11033
谷浜,34
谷田川,0
谷町九丁目,73499
谷町六丁目,33034
谷町四丁目,92434
谷頭,0
豊ヶ岡,0
豊中,47483
豊前善光寺,0
豊前大熊,61
豊前川崎,0
豊前松江,0
豊前桝田,0
豊前長洲,0
豊原,0
豊四季,15656
豊実,0
豊富,0
豊岡,3434
豊島,426
豊島園,14261
豊川,6625
豊川稲荷,5239
豊幌,0
豊平公園,11140
豊後三芳,0
豊後中川,0
豊後中村,0
豊後国分,670
豊後森,0
豊後清川,0
豊後竹田,748
豊後荻,0
豊後豊岡,746
豊明,5144
豊春,13398
豊栄,7356
豊橋,92851
豊橋公園前,264
豊水すすきの,16504
豊永,8
豊沼,0
豊津,13167
豊津上野,1231
豊洲,227843
豊浜,474
豊浦,0
豊清水,0
豊田,70664
豊田市,36470
豊田本町,5036
豊田町,5701
豊科,1948
豊郷,140
豊野,4419
豊間根,100
豊頃,0
象山口,0
象潟,382
豪徳寺,28656
豪渓,262
貝塚,22249
貝塚市役所前,232
貝津,1228
貝田,0
貞光,982
財光寺,0
財部,0
貴志,1276
貴生川,9331
貴船口,703
貿易センター,3515
賀来,1094
賀田,72
賀茂,6222
資生館小学校前,687
賢島,1125
贄川,216
赤,40
赤井,0
赤井川,0
赤倉温泉,0
赤十字前,274
赤十字病院前,1486
赤土小学校前,5216
赤坂,96839
赤坂上,202
赤坂田,0
赤坂見附,121665
赤城,1940
赤堀,443
赤塚,12554
赤岩,0
赤岩口,1378
赤嶺,4841
赤川,0
赤平,0
赤星,228
赤木,117
赤水,0
赤池,27897
赤渕,0
赤湯,2644
赤瀬,0
赤目口,1258
赤碕,640
赤羽,194498
赤羽岩淵,100337
赤羽橋,42784
赤迫,4500
赤野,32
赤間,17316
越ノ潟,33
越ヶ浜,22
越中三郷,522
越中中島,381
越中中川,2662
越中中村,8
越中八尾,1982
越中国分,586
越中大門,2062
越中宮崎,166
越中山田,132
越中島,11470
越中泉,68
越中舟橋,603
越中荏原,2028
越前下山,2
越前大宮,14
越前大野,460
越前富田,12
越前島橋,85
越前新保,474
越前東郷,144
越前武生,459
越前田野,4
越前竹原,90
越前花堂,920
越前薬師,6
越前野中,45
越前開発,439
越前高田,16
越後下関,172
越後中里,0
越後堀之内,778
越後大島,0
越後寒川,0
越後岩塚,0
越後岩沢,0
越後川口,366
越後広瀬,0
越後広田,0
越後早川,0
越後曽根,1742
越後水沢,0
越後湯沢,6208
越後滝谷,0
越後片貝,0
越後田中,0
越後田沢,0
越後石山,4044
越後赤塚,0
越後金丸,0
越後須原,0
越後鹿渡,0
越戸,898
越水,0
越河,0
越生,3666
越谷,50714
越谷レイクタウン,56844
越部,577
足ヶ瀬,0
足利,6628
足利市,6010
足守,1272
足尾,47
足柄,3893
足滝,0
足立,8
足立小台,3875
足羽,14
足羽山公園口,10
踊場,19146
蹴上,11819
身延,547
車折神社,2534
車道,14560
軍畑,0
軽井沢,8026
輪西,0
轟,80
辛島町,5874
辛皮,5
辰巳,30603
辰野,1152
農学部前,716
辺川,22
辻,344
辻堂,118850
近川,0
近文,0
近永,342
近江中庄,248
近江今津,3978
近江八幡,35468
近江塩津,414
近江神宮前,1246
近江舞子,1508
近江長岡,1659
近江高島,1644
近津,0
近田,454
近義の里,231
近鉄下田,5194
近鉄丹波橋,46900
近鉄八尾,37867
近鉄八田,3926
近鉄名古屋,106217
近鉄四日市,45116
近鉄奈良,55330
近鉄宮津,422
近鉄富田,22005
近鉄弥富,11423
近鉄御所,3194
近鉄新庄,2600
近鉄日本橋,50224
近鉄蟹江,11424
近鉄郡山,17558
近鉄長島,2963
迫川,414
追分,3306
追分口,84
追浜,42286
追良瀬,0
逆井,14131
逆瀬川,24500
逗子,58532
逗子・葉山,25136
通洞,47
通津,1062
通町筋,7073
通谷,1677
速星,2406
造田,484
逢妻,4963
逢隈,0
連坊,7626
逸見,5299
遊佐,338
運動公園,68
運動公園前,854
運河,21875
道ノ尾,2264
道上,1416
道場,1822
道場南口,2780
道川,0
道後公園,715
道後山,0
道後温泉,3079
道徳,5835
道成寺,160
道明寺,6643
道法寺,282
遠州小松,2082
遠州小林,2667
遠州岩水寺,823
遠州森,660
遠州病院,2006
遠州芝本,1408
遠州西ヶ崎,1790
遠江一宮,135
遠浅,0
遠矢,0
遠賀川,5044
遠賀野,431
遠軽,370
遠野,660
遥堪,43
邑久,3680
那加,2554
那古船形,0
那岐,56
那智,54
那珂湊,712
那良口,0
那覇空港,14008
那須塩原,10662
郡上八幡,256
郡上大和,26
郡中,1032
郡中港,1017
郡元,6863
郡家,2002
郡山,36018
郡山富田,0
郡津,5703
郵便局前,548
郷原,0
郷戸,0
郷沢,0
都住,196
都城,2172
都島,34896
都庁前,51967
都府楼前,7163
都府楼南,2336
都田,77
都留市,482
都留文科大学前,1891
都立大学,49045
都立家政,19236
都筑,100
都筑ふれあいの丘,22282
都賀,42150
都農,688
都通,910
都野津,362
都電雑司ヶ谷,1067
酒々井,7346
酒折,4398
酒殿,1346
酒田,2318
醍醐,12849
醒ヶ井,717
里,55
里庄,2614
里白石,0
里見,55
重原,1862
重安,10
重富,986
重岡,0
野々口,268
野々市,4000
野々市工大前,513
野上,620
野上原,0
野並,13528
野中,152
野内,1064
野尻,142
野島公園,2882
野崎,22148
野州大塚,513
野州山辺,895
野州平川,1009
野幌,12806
野志,9
野方,25560
野木,9394
野木沢,0
野江,11619
野江内代,10910
野沢,266
野洲,30626
野田,33183
野田城,804
野田市,9932
野田新町,5305
野田玉川,16
野田生,0
野田郷,337
野田阪神,27287
野町,1662
野矢,0
野芥,8332
野花南,0
野蒜,394
野跡,2100
野辺地,2074
野辺山,306
野里,3910
野間,641
野馳,52
金ヶ崎,1168
金上,183
金丸,220
金井山,0
金光,4480
金剛,32863
金城ふ頭,8300
金塚,0
金子,4252
金屋,1225
金山,172387
金島,611
金川,1632
金手,125
金指,711
金木,216
金橋,1198
金武,55
金比羅前,62
金沢,45640
金沢八景,59588
金沢文庫,69940
金浜,0
金浦,380
金田,801
金田一温泉,205
金町,103414
金石原,0
金華,0
金蔵寺,548
金谷,3869
金谷川,5772
金谷沢,0
金野,1
釜ノ鼻,51
釜ヶ淵,246
釜戸,541
釜淵,0
釜石,466
釜谷,10
針中野,9275
釧路,1954
釧路湿原,0
鈴木町,11229
鈴蘭台,14993
鈴蘭台西口,2411
鈴鹿,574
鈴鹿サーキット稲生,237
鈴鹿市,3503
鉄砲町,738
鉄道博物館,10299
鉢形,967
銀山,0
銀山町,3878
銀座,257440
銀座一丁目,39562
銀水,1244
銚子,6702
銚子口,0
銭函,3634
銭座町,900
錦,1678
錦岡,0
錦江,1004
錦町,125
錦糸町,211338
鍋倉,10
鍋原,4
鍋島,1130
鍼灸大学前,784
鎌ヶ谷,22828
鎌ヶ谷大仏,14615
鎌倉,89676
鎌倉高校前,4378
鎌取,41514
鎌手,36
鎌瀬,0
鎌田,1098
鎧,18
鏡川橋,880
鏡石,1748
鐘ヶ淵,12839
鐘釣,900
鑓見内,0
長,30
長万部,308
長与,3834
長久手古戦場,6809
長井,246
長原,16083
長和,0
長坂,0
長堀橋,52124
長太ノ浦,1244
長尾,22888
長居,33709
長屋,27
長山,408
長岡,23648
長岡京,41042
長岡天神,25071
長峰,0
長島,1140
長島ダム,35
長崎,19398
長崎大学,3600
長崎駅前,7200
長府,3430
長後,34294
長柄,1114
長森,1632
長楽寺,2973
長江,49
長池,2422
長沢,0
長沼,4034
長泉なめり,1956
長津田,140869
長洲,1438
長浜,8782
長浦,12242
長滝,1884
長瀞,1311
長瀬,30889
長田,23207
長町,19026
長町一丁目,8408
長町南,23478
長篠城,94
長者ヶ浜潮騒はまなす公園前,62
長者原,8136
長者町,682
長船,2306
長苗代,0
長谷,9276
長谷寺,1226
長谷野,70
長部,0
長都,0
長里,0
長野,41724
長野原草津口,1524
長門三隅,84
長門二見,32
長門古市,226
長門大井,34
長門峡,24
長門市,746
長門本山,36
長門湯本,36
長門粟野,24
長門長沢,18
長陽,0
長鳥,0
門出,0
門前仲町,117845
門司,12526
門司港,10346
門島,11
門川,790
門戸厄神,20452
門松,2764
門沢橋,0
門田,2
門田屋敷,596
門真南,11360
門真市,24766
門静,0
開,658
開成,12350
開明,1732
開発,306
開聞,0
閑蔵,53
間々田,8668
間内,2773
間島,0
間藤,155
関,486
関ノ宮,22
関ケ原,1942
関下有知,150
関内,111184
関口,457
関大前,26826
関富岡,104
関屋,4122
関山,250
関川,114
関市役所前,47
関根,0
関目,12007
関目成育,6457
関目高殿,15253
関西空港,35010
関都,0
関門海峡めかり,425
阪大病院前,8226
阪東橋,21344
阪神国道,3872
防府,8584
阿下喜,583
阿久根,574
阿久比,6495
阿仁マタギ,22
阿仁前田温泉,69
阿仁合,143
阿佐ヶ谷,92178
阿倉川,4376
阿倍野,18287
阿分,0
阿南,2858
阿品,4500
阿品東,570
阿夫利神社,568
阿字ヶ浦,126
阿川,62
阿左美,573
阿曽,77
阿木,353
阿母崎,80
阿波中島,420
阿波加茂,420
阿波半田,144
阿波大宮,6
阿波大谷,90
阿波富田,988
阿波山川,732
阿波川口,52
阿波川島,852
阿波川端,146
阿波座,49053
阿波橘,160
阿波池田,1326
阿波海南,180
阿波福井,72
阿波赤石,656
阿漕,689
阿田和,296
阿知須,622
阿蘇,0
阿蘇下田城ふれあい温泉,0
阿蘇白川,1
附属中学前,2251
院内,0
院庄,130
陣原,4464
陣場,0
陶,598
陶磁資料館南,281
陸中中野,0
陸中八木,0
陸中夏井,0
陸中大橋,0
陸中大里,0
陸中宇部,46
陸中山田,476
陸中川井,0
陸中折居,0
陸中松川,0
陸中野田,349
陸中門崎,0
陸前原ノ町,8562
陸前大塚,0
陸前富山,0
陸前小泉,0
陸前小野,690
陸前山下,1888
陸前山王,0
陸前戸倉,0
陸前横山,0
陸前浜田,0
陸前港,0
陸前白沢,0
陸前矢作,0
陸前稲井,0
陸前落合,7790
陸前谷地,0
陸前豊里,206
陸前赤井,1258
陸前赤崎,6
陸前階上,0
陸前高田,0
陸前高砂,10876
陸奥岩崎,0
陸奥市川,375
陸奥柳田,0
陸奥森田,150
陸奥横浜,140
陸奥沢辺,0
陸奥湊,268
陸奥白浜,0
陸奥赤石,0
陸奥鶴田,394
陽羽里,42
隅田,430
隈之城,748
階上,0
隼,46
隼人,3280
雀宮,9580
雀田,274
雁ノ巣,800
雄信内,0
雑司が谷,19339
雑色,32138
雑餉隈,16089
難波,362913
雨宮,0
雨晴,160
雪が谷大塚,25644
雫石,1122
雲井,145
雲州平田,1184
雲泉寺,384
雲雀丘花屋敷,9771
電気ビル前,666
電車事業所前,1215
電鉄出雲市,1526
電鉄富山,8370
電鉄富山駅・エスタ前,2243
電鉄石田,250
電鉄魚津,609
電鉄黒部,744
霊丘公園体育館,90
霞ヶ丘,2326
霞ヶ浦,3680
霞ヶ関,151977
霧島温泉,0
霧島神宮,0
青井,13100
青井岳,0
青倉,134
青函トンネル記念館,117
青原,22
青堀,3040
青塚,3534
青山,7889
青山一丁目,116962
青山町,1808
青島,0
青木,15352
青柳,0
青柳町,163
青梅,12994
青梅街道,8367
青森,10794
青沼,0
青海,11884
青海川,0
青物横丁,43796
青砥,51039
青笹,0
青葉,0
青葉台,110999
青葉山,8946
青葉通一番町,15174
青谷,976
青部,11
青郷,204
青野ヶ原,316
青野山,6
静,0
静修学園前,1463
静内,370
静和,1352
静岡,118793
静狩,0
静間,60
面影橋,822
面白山高原,0
鞍手,1352
鞍馬,896
鞍馬口,10197
韓々坂,229
韮山,2926
韮崎,5356
韮川,2338
音別,74
音威子府,48
音沢,73
音羽町,1693
須ヶ口,7544
須佐,118
須原,106
須坂,5931
須屋,439
須崎,668
須恵,1388
須恵中央,2786
須波,160
須津,163
須磨,23294
須磨寺,1844
須磨浦公園,916
須磨海浜公園,13176
須賀,1041
須賀川,4588
領石通,438
頴娃,0
頴娃大川,0
頸城大野,26
額住宅前,321
額田,3490
顔戸,179
風合瀬,0
風早,410
風祭,1744
風連,0
飛田給,28284
飛騨一ノ宮,74
飛騨古川,714
飛騨国府,36
飛騨宮田,53
飛騨小坂,136
飛騨細江,36
飛騨萩原,774
飛騨金山,354
飛鳥,2112
飛鳥山,993
飫肥,744
飯井,12
飯倉,0
飯坂温泉,1010
飯塚,2252
飯山,1998
飯山満,19900
飯岡,1460
飯島,509
飯森,0
飯沼,22
飯浦,6
飯田,1654
飯田岡,1768
飯田橋,194569
飯給,4
飯羽間,41
飯能,32929
飯詰,266
飾磨,7752
餅原,0
養父,146
養老,360
養老渓谷,144
養鱒公園,18
餘部,90
館山,3312
館林,11046
館田,79
館腰,4700
首里,6715
香久山,380
香住,754
香取,0
香呂,3136
香川,10930
香我美,78
香春,0
香春口三萩野,5420
香椎,25596
香椎宮前,2436
香椎神宮,2040
香椎花園前,3340
香櫨園,11201
香淀,0
香登,580
香芝,3164
香西,1134
香里園,49740
馬下,0
馬出九大病院前,12735
馬喰横山,118024
馬喰町,52384
馬堀,9344
馬堀海岸,9045
馬場崎町,464
馬庭,394
馬替,262
馬来田,402
馬橋,51560
馬流,0
馬田,110
馬立,198
馬路,20
馬車道,41627
馬込,29491
馬込沢,26529
馬道,813
駄科,302
駅前,6811
駅前大通,412
駅家,1452
駒ヶ岳,0
駒ヶ嶺,0
駒ヶ林,2626
駒ヶ根,949
駒ヶ谷,1417
駒場東大前,37851
駒場車庫前,238
駒川中野,17631
駒形,5996
駒沢大学,80468
駒込,99082
駒野,952
駒鳴,0
駿河小山,774
駿河徳山,85
騎射場,1732
騰波ノ江,67
驫木,0
高,2
高の原,34836
高ノ宮,24
高久,0
高井戸,44197
高井田,17726
高井田中央,13052
高儀,136
高光,2
高円寺,103526
高原,0
高取,2865
高坂,24438
高城,3436
高城町,2866
高塚,5993
高子,115
高安,11202
高安山,42
高宮,21252
高尾,57742
高尾山,3295
高尾山口,10431
高尾野,138
高屋,0
高山,2816
高岡,19858
高岡やぶなみ,798
高岡駅,593
高岩,68
高岳,18774
高島,7102
高島平,30651
高島町,10680
高崎,64338
高崎商科大学前,224
高崎問屋町,7662
高崎新田,0
高師,2958
高師浜,1697
高幡不動,58426
高座渋谷,25520
高擶,0
高月,1452
高木,528
高松,25952
高松町,102
高松築港,13128
高柳,14701
高根公団,15344
高根木戸,8370
高森,153
高槻,129758
高槻市,57928
高横須賀,3083
高橋,0
高水,378
高津,32388
高浜,2310
高浜港,2596
高清水,0
高滝,21
高瀬,1248
高田,16305
高田の鉄橋,100
高田市,7407
高田本山,1851
高田橋,890
高田病院,0
高田馬場,423374
高田高校前,0
高畑,22258
高畠,1688
高知,10140
高知商業前,1036
高知城前,801
高知橋,387
高知駅前,1577
高石,10173
高砂,5578
高砂町,316
高科,5
高茶屋,1101
高萩,5550
高蔵寺,51935
高見ノ里,6619
高見橋,841
高見馬場,3286
高角,707
高輪ゲートウェイ,0
高輪台,14863
高速神戸,26788
高速長田,15975
高遠原,43
高野,6295
高野下,86
高野口,1166
高野山,2010
高野川,58
高鍋,1576
高須,3023
高須神社,510
高鷲,6647
高麗,2597
高麗川,9160
鬼塚,0
鬼子母神前,2564
鬼怒川公園,249
鬼怒川温泉,2731
鬼瀬,0
鬼無,1300
鬼越,5811
魚住,23080
魚崎,30120
魚市場通,538
魚沼丘陵,126
魚沼中条,0
魚沼田中,0
魚津,4016
鮎喰,422
鮎川,48
鮎貝,51
鮫,576
鮫洲,11313
鯉川,0
鯖江,4626
鯖瀬,4
鯖石,35
鯨波,0
鯰田,722
鰍沢口,214
鰭ヶ崎,1151
鰺ヶ沢,576
鱒沢,0
鱒浦,0
鳥ノ木,362
鳥取,10370
鳥取ノ荘,3434
鳥取大学前,3858
鳥居,70
鳥居前,682
鳥居本,100
鳥形,0
鳥栖,14262
鳥沢,0
鳥浜,6810
鳥羽,3741
鳥羽中,93
鳥羽街道,3006
鳩ノ巣,0
鳩ヶ谷,23700
鳳,38192
鳴子北,10262
鳴子御殿湯,106
鳴子温泉,432
鳴尾・武庫川女子大前,24746
鳴沢,0
鳴海,19299
鳴滝,950
鳴石,74
鳴谷,50
鳴門,1508
鴨宮,25176
鴨居,79370
鴨島,1790
鴨川,698
鴨方,5968
鴨池,817
鴨部,418
鴫野,22124
鴬の森,1056
鴻巣,39300
鴻池新田,27168
鴻野山,0
鵜の木,19820
鵜住居,124
鵜原,0
鵜方,2012
鵜杉,0
鵜殿,222
鵜沼,2730
鵜沼宿,1009
鵜苫,0
鵜飼,662
鵠沼,4278
鵠沼海岸,19859
鵡川,0
鵯越,847
鶯巣,4
鶯谷,52296
鶯野,0
鶴ヶ丘,8908
鶴ヶ坂,0
鶴ヶ峰,57070
鶴ヶ島,33139
鶴丸,0
鶴原,3369
鶴居,426
鶴岡,2406
鶴崎,3842
鶴川,68992
鶴巻温泉,14963
鶴形,0
鶴来,1052
鶴橋,195904
鶴沼,0
鶴泊,0
鶴瀬,50210
鶴田,2972
鶴羽,158
鶴舞,41101
鶴見,162112
鶴見小野,0
鶴見市場,21572
鶴見緑地,10635
鶴里,6334
鶴間,30356
鷲ノ巣,0
鷲別,0
鷲塚針原,277
鷲宮,6723
鷲津,6780
鷹の台,25914
鷹ノ子,1072
鷹ノ巣,1162
鷹取,16184
鷹島口,63
鷹巣,433
鷹狩,86
鷹野橋,2815
鷺ノ宮,33147
鷺沼,63155
鹿ノ谷,0
鹿児,727
鹿児島,3200
鹿児島中央,40542
鹿児島中央駅前,5474
鹿児島駅前,978
鹿又,0
鹿妻,0
鹿家,0
鹿島,0
鹿島サッカースタジアム,824
鹿島台,3240
鹿島大野,234
鹿島旭,409
鹿島灘,195
鹿島田,38322
鹿島神宮,1978
鹿折唐桑,0
鹿沼,4212
鹿渡,270
鹿瀬,0
鹿王院,1199
鹿角花輪,400
鹿討,0
鹿賀,0
鹿部,0
麹町,65607
麻布十番,49267
麻植塚,184
麻生,40484
麻生田,268
黄檗,7296
黄波戸,24
黄金,2409
黄金町,22987
黒井,922
黒井村,476
黒坂,46
黒姫,545
黒子,168
黒山,0
黒岩,0
黒崎,30152
黒崎駅前,7865
黒川,29148
黒松,8548
黒松内,0
黒江,5054
黒沢,4
黒田,2287
黒田原,924
黒田庄,64
黒石,761
黒磯,4674
黒笹,3311
黒薙,100
黒部,2674
黒部ダム,0
黒部宇奈月温泉,1716
黒部平,3142
黒部湖,3142
黒髪町,622
鼎,1298
鼓ヶ浦,1252
鼓滝,5413
鼠ヶ関,0
龍ケ崎市,25648
龍安寺,1170
龍岡城,0
龍王峡,100
龍谷大前深草,8844
龍谷富山高校前（永楽町）,0
ＪＲ松山駅前,3961
